-- SQLBook: Code
-- ------ Borrar BBDD anterior si existe ------
DROP DATABASE IF EXISTS TareApp;

-- ------ Crear BBDD nueva ------
CREATE DATABASE TareApp
  DEFAULT CHARACTER SET utf8
  DEFAULT COLLATE utf8_general_ci;

-- Seleccionar BBDD recién creada
USE TareApp;

-- ------ Crear tablas ------

-- Usuario
CREATE TABLE user (
  id INT AUTO_INCREMENT PRIMARY KEY,
  enabled INT NOT NULL DEFAULT 1,
  access_user VARCHAR(255) NOT NULL,
  first_name VARCHAR(255) NOT NULL,
  last_name1 VARCHAR(255) NOT NULL,
  last_name2 VARCHAR(255) NOT NULL,
  password VARCHAR(255) NOT NULL,
  photo BLOB,
  userType ENUM('alumno', 'padre', 'profesor') NOT NULL,
  id_parent INT,

  CONSTRAINT UC_user  UNIQUE(access_user),
  FOREIGN KEY (id_parent) REFERENCES user(id)
);

-- Configuración
CREATE TABLE configuration (
  id_user INT NOT NULL PRIMARY KEY,
  font_size ENUM('grande', 'normal') NOT NULL,
  theme  ENUM('alegre', 'minimalista') NOT NULL,
  time_preference ENUM('largo', 'corto') NOT NULL,

  FOREIGN KEY (id_user) REFERENCES user(id)
);

-- Suscripción
CREATE TABLE subscription (
  id_user INT NOT NULL PRIMARY KEY,
  endpoint VARCHAR(255) NOT NULL,
  auth VARCHAR(255) NOT NULL,
  p256dh VARCHAR(255) NOT NULL,

  FOREIGN KEY (id_user) REFERENCES user(id)
);

-- SesiónEstudio
CREATE TABLE studySession (
  id INT AUTO_INCREMENT PRIMARY KEY,
  name  VARCHAR(255) NOT NULL,
  id_user INT NOT NULL,
  study_slot INT NOT NULL,
  brake_slot INT NOT NULL,
  long_brake_slot INT,
  num_slots INT NOT NULL,

  CONSTRAINT UC_studySession UNIQUE(name, id_user),
  FOREIGN KEY (id_user) REFERENCES user(id)
);

-- Asignatura
CREATE TABLE subject (
  id INT AUTO_INCREMENT PRIMARY KEY,
  enabled INT NOT NULL DEFAULT 1,
  id_teacher INT NOT NULL, 
  name VARCHAR(255) NOT NULL,
  grade VARCHAR(255) NOT NULL,
  subject_icon VARCHAR(255) NOT NULL,
  subject_color VARCHAR(255) NOT NULL,

  CONSTRAINT UC_subject UNIQUE(id_teacher, name, grade),
  FOREIGN KEY (id_teacher) REFERENCES user(id)
);

-- Orden
CREATE TABLE preference (
  id_configuration INT NOT NULL,
  id_subject INT NOT NULL,
  position INT NOT NULL,

  PRIMARY KEY (id_configuration, id_subject, position),
  FOREIGN KEY (id_configuration) REFERENCES configuration(id_user),
  FOREIGN KEY (id_subject) REFERENCES subject(id)
);

-- Cursa
CREATE TABLE study (
  id_student INT NOT NULL,
  id_subject INT NOT NULL,

  PRIMARY KEY (id_student, id_subject),
  FOREIGN KEY (id_student) REFERENCES user(id),
  FOREIGN KEY (id_subject) REFERENCES subject(id)
);

-- Categoría
CREATE TABLE category (
  name  VARCHAR(255) NOT NULL PRIMARY KEY,
  category_icon VARCHAR(255) NOT NULL,
  category_color VARCHAR(255) NOT NULL
);

-- Recompensa
CREATE TABLE reward (
  id INT AUTO_INCREMENT PRIMARY KEY,
  title VARCHAR(255) NOT NULL,
  message VARCHAR(255),
  icon VARCHAR(255) NOT NULL
);

-- Actividad
CREATE TABLE activity (
  id INT AUTO_INCREMENT PRIMARY KEY,
  enabled INT NOT NULL DEFAULT 1,
  id_creator INT NOT NULL,
  id_receiver INT NOT NULL,
  title VARCHAR(255) NOT NULL,
  date DATE NOT NULL,
  time TIME NOT NULL,
  description VARCHAR(255),
  reminder ENUM('1 día antes', 'Desde 2 días antes', 'Desde 1 semana antes', 'No recordarmelo') NOT NULL,
  category VARCHAR(255) NOT NULL,
  id_subject INT,

  FOREIGN KEY (id_creator) REFERENCES user(id),
  FOREIGN KEY (id_receiver) REFERENCES user(id),
  FOREIGN KEY (category) REFERENCES category(name),
  FOREIGN KEY (id_subject) REFERENCES subject(id)
);

-- Evento
CREATE TABLE event (
  id_activity INT NOT NULL PRIMARY KEY,
  recurrent INT NOT NULL,
  duration INT NOT NULL,

  FOREIGN KEY (id_activity) REFERENCES activity(id)
);

-- Tarea
CREATE TABLE task (
  id_activity INT NOT NULL PRIMARY KEY,
  completed INT NOT NULL DEFAULT 0,
  duration ENUM('corta', 'media', 'larga', 'no lo sé') NOT NULL,
  id_event INT,
  id_reward INT NOT NULL,

  FOREIGN KEY (id_activity) REFERENCES activity(id),
  FOREIGN KEY (id_event) REFERENCES event(id_activity),
  FOREIGN KEY (id_reward) REFERENCES reward(id)
);

-- Recordatorio
CREATE TABLE reminder (
  id INT AUTO_INCREMENT PRIMARY KEY,
  enabled INT NOT NULL DEFAULT 1,
  id_sender INT,
  id_receiver INT NOT NULL,
  id_activity INT NOT NULL,
  message VARCHAR(255) NOT NULL,
  sent_date TIMESTAMP DEFAULT CURRENT_TIMESTAMP,
  read_date TIMESTAMP NULL,

  CONSTRAINT UC_reminder UNIQUE(id_sender, id_receiver, sent_date),
  FOREIGN KEY (id_sender) REFERENCES user(id),
  FOREIGN KEY (id_receiver) REFERENCES user(id),
  FOREIGN KEY (id_activity) REFERENCES activity(id)
);

-- ------ Insertar datos de prueba ------

-- Usuario
INSERT INTO user (access_user, first_name, last_name1, last_name2, password, userType) VALUES
('clarar05', 'Clara', 'Rodríguez', 'Prieto', '$2b$10$0HR20Vb0gg7DpWQLEVMGhu0.rUxneq2MEjMGuRziTohrvKPB7IANe','alumno'),
('anamam20', 'Ana', 'Martínez', 'Valdés', '$2b$10$0HR20Vb0gg7DpWQLEVMGhu0.rUxneq2MEjMGuRziTohrvKPB7IANe', 'alumno'),
('cacalv04', 'Carlos', 'Calvo', 'Martínez', '$2b$10$0HR20Vb0gg7DpWQLEVMGhu0.rUxneq2MEjMGuRziTohrvKPB7IANe', 'alumno'),
('jorsie01', 'Jorge', 'Sierra', 'Alonso', '$2b$10$0HR20Vb0gg7DpWQLEVMGhu0.rUxneq2MEjMGuRziTohrvKPB7IANe', 'alumno'),
('lucbravo', 'Lucas', 'Bravo', 'Fairen', '$2b$10$0HR20Vb0gg7DpWQLEVMGhu0.rUxneq2MEjMGuRziTohrvKPB7IANe', 'alumno'),
('tester01', 'Tester', 'test', '01', '$2b$10$0HR20Vb0gg7DpWQLEVMGhu0.rUxneq2MEjMGuRziTohrvKPB7IANe', 'alumno'),
('virginia', 'Virginia', 'Francisco', 'Gilmartin', '$2b$10$0HR20Vb0gg7DpWQLEVMGhu0.rUxneq2MEjMGuRziTohrvKPB7IANe', 'profesor'),
('raquelHB', 'Raquel', 'Hervás', 'Ballesteros', '$2b$10$0HR20Vb0gg7DpWQLEVMGhu0.rUxneq2MEjMGuRziTohrvKPB7IANe', 'profesor');

-- Configuración
INSERT INTO configuration (id_user, font_size, theme, time_preference) VALUES
(1, 'normal', 'alegre', 'corto'),
(2, 'normal', 'alegre', 'corto'),
(3, 'normal', 'alegre', 'corto'),
(4, 'normal', 'alegre', 'corto'),
(5, 'normal', 'alegre', 'corto'),
(6, 'normal', 'alegre', 'corto'),
(7, 'normal', 'alegre', 'corto');

-- Suscripción

-- SesiónEstudio

-- Asignatura
INSERT INTO subject (id_teacher, name, grade, subject_icon, subject_color) VALUES 
(6, 'Matemáticas', '1 ESO', '&#128290;', 'naranja'),
(6, 'Literatura', '1 ESO', '&#128214;', 'azul'),
(6, 'Historia', '1 ESO', '&#128506;', 'rojo'),
(6, 'Ciencias', '1 ESO', '&#129514;', 'verde');

-- Orden

-- Cursa

-- Categoría
INSERT INTO category (name, category_icon, category_color) VALUES
('Escolar', '&#128218;', 'rojo'),
('Ocio', '&#x1F389;', 'morado'),
('Extraescolar', '&#127934;', 'verde'),
('Casa', '&#127968;', 'rosa');

-- Recompensa
INSERT INTO reward (title, message, icon) VALUES
('¡Ánimo!', null, 'lets-go'),
('¡Genial!', null, 'awesome'),
('¡Increíble!', 'Este supergato te felicita', 'supercat'),
('¡Buen trabajo!', 'Vas por buen camino', 'good-job'),
('¡Enhorabuena!', 'Has ganado una medalla espacial', 'star-medal');

-- Actividad
INSERT INTO activity (id_creator, id_receiver, title, date, time, description, reminder, category) VALUES
(1, 1, 'Tarea 1', '2024-04-27', '13:20:00', 'Primera tarea de prueba', 'Desde 2 días antes', 'Ocio'),
(1, 1, 'Tarea 2', '2024-04-25', '13:20:00', 'Segunda tarea de prueba', 'Desde 2 días antes', 'Ocio'),
(1, 1, 'Tarea 3', '2024-04-20', '13:20:00', 'Tercera tarea de prueba', 'Desde 2 días antes', 'Casa'),
(1, 1, 'Tarea 4', '2024-04-15', '13:20:00', 'Cuarta tarea de prueba', 'Desde 2 días antes', 'Casa'),

(2, 2, 'Tarea 1', '2024-04-27', '13:20:00', 'Primera tarea de prueba', 'Desde 2 días antes', 'Ocio'),
(2, 2, 'Tarea 2', '2024-04-25', '13:20:00', 'Segunda tarea de prueba', 'Desde 2 días antes', 'Ocio'),
(2, 2, 'Tarea 3', '2024-04-20', '13:20:00', 'Tercera tarea de prueba', 'Desde 2 días antes', 'Casa'),
(2, 2, 'Tarea 4', '2024-04-15', '13:20:00', 'Cuarta tarea de prueba', 'Desde 2 días antes', 'Casa'),

(3, 3, 'Tarea 1', '2024-04-27', '13:20:00', 'Primera tarea de prueba', 'Desde 2 días antes', 'Ocio'),
(3, 3, 'Tarea 2', '2024-04-25', '13:20:00', 'Segunda tarea de prueba', 'Desde 2 días antes', 'Ocio'),
(3, 3, 'Tarea 3', '2024-04-20', '13:20:00', 'Tercera tarea de prueba', 'Desde 2 días antes', 'Casa'),
(3, 3, 'Tarea 4', '2024-04-15', '13:20:00', 'Cuarta tarea de prueba', 'Desde 2 días antes', 'Casa'),

(4, 4, 'Tarea 1', '2024-04-27', '13:20:00', 'Primera tarea de prueba', 'Desde 2 días antes', 'Ocio'),
(4, 4, 'Tarea 2', '2024-04-25', '13:20:00', 'Segunda tarea de prueba', 'Desde 2 días antes', 'Ocio'),
(4, 4, 'Tarea 3', '2024-04-20', '13:20:00', 'Tercera tarea de prueba', 'Desde 2 días antes', 'Casa'),
(4, 4, 'Tarea 4', '2024-04-15', '13:20:00', 'Cuarta tarea de prueba', 'Desde 2 días antes', 'Casa'),

(5, 5, 'Tarea 1', '2024-04-27', '13:20:00', 'Primera tarea de prueba', 'Desde 2 días antes', 'Ocio'),
(5, 5, 'Tarea 2', '2024-04-25', '13:20:00', 'Segunda tarea de prueba', 'Desde 2 días antes', 'Ocio'),
(5, 5, 'Tarea 3', '2024-04-20', '13:20:00', 'Tercera tarea de prueba', 'Desde 2 días antes', 'Casa'),
(5, 5, 'Tarea 4', '2024-04-15', '13:20:00', 'Cuarta tarea de prueba', 'Desde 2 días antes', 'Casa');

-- Evento

-- Tarea
INSERT INTO task (id_activity, completed, duration, id_reward) VALUES
(1, false, 'no lo sé', 1),
(2, false, 'corta', 1),
(3, true, 'media', 4),
(4, true, 'larga', 4),

(5, false, 'no lo sé', 1),
(6, false, 'corta', 1),
(7, true, 'media', 4),
(8, true, 'larga', 4),

(9, false, 'no lo sé', 1),
(10, false, 'corta', 1),
(11, true, 'media', 4),
(12, true, 'larga', 4),

(13, false, 'no lo sé', 1),
(14, false, 'corta', 1),
(15, true, 'media', 4),
(16, true, 'larga', 4),

(17, false, 'no lo sé', 1),
(18, false, 'corta', 1),
(19, true, 'media', 4),
(20, true, 'larga', 4);

-- Recordatorio
INSERT INTO reminder (id_receiver, id_activity, message, sent_date) VALUES 
(1, 1, 'Mañana termina el plazo para la tarea "Tarea 1"¡A por ello, tú puedes!', '2024-04-26 08:00:00'),
(1, 1, '¡Ánimo! Aún te quedan 2 días para terminar la tarea "Tarea 1"', '2024-04-25 16:50:00'),
(1, 2, 'Mañana termina el plazo para la tarea "Tarea 2"¡A por ello, tú puedes!', '2024-04-24 08:00:00'),
(1, 2, '¡Ánimo! Aún te quedan 2 días para terminar la tarea "Tarea 2"', '2024-04-23 8:00:00'),
(1, 3, 'Mañana termina el plazo para la tarea "Tarea 3"¡A por ello, tú puedes!', '2024-04-19 08:00:00'),
(1, 3, '¡Ánimo! Aún te quedan 2 días para terminar la tarea "Tarea 3"', '2024-04-18 08:00:00'),
(1, 4, 'Mañana termina el plazo para la tarea "Tarea 4"¡A por ello, tú puedes!', '2024-04-14 08:00:00'),
(1, 4, '¡Ánimo! Aún te quedan 2 días para terminar la tarea "Tarea 4"', '2024-04-13 08:00:00'),

(2, 5, 'Mañana termina el plazo para la tarea "Tarea 1"¡A por ello, tú puedes!', '2024-04-26 08:00:00'),
(2, 5, '¡Ánimo! Aún te quedan 2 días para terminar la tarea "Tarea 1"', '2024-04-25 16:50:00'),
(2, 6, 'Mañana termina el plazo para la tarea "Tarea 2"¡A por ello, tú puedes!', '2024-04-24 08:00:00'),
(2, 6, '¡Ánimo! Aún te quedan 2 días para terminar la tarea "Tarea 2"', '2024-04-23 8:00:00'),
(2, 7, 'Mañana termina el plazo para la tarea "Tarea 3"¡A por ello, tú puedes!', '2024-04-19 08:00:00'),
(2, 7, '¡Ánimo! Aún te quedan 2 días para terminar la tarea "Tarea 3"', '2024-04-18 08:00:00'),
(2, 8, 'Mañana termina el plazo para la tarea "Tarea 4"¡A por ello, tú puedes!', '2024-04-14 08:00:00'),
(2, 8, '¡Ánimo! Aún te quedan 2 días para terminar la tarea "Tarea 4"', '2024-04-13 08:00:00'),

(3, 9, 'Mañana termina el plazo para la tarea "Tarea 1"¡A por ello, tú puedes!', '2024-04-26 08:00:00'),
(3, 9, '¡Ánimo! Aún te quedan 2 días para terminar la tarea "Tarea 1"', '2024-04-25 16:50:00'),
(3, 10, 'Mañana termina el plazo para la tarea "Tarea 2"¡A por ello, tú puedes!', '2024-04-24 08:00:00'),
(3, 10, '¡Ánimo! Aún te quedan 2 días para terminar la tarea "Tarea 2"', '2024-04-23 8:00:00'),
(3, 11, 'Mañana termina el plazo para la tarea "Tarea 3"¡A por ello, tú puedes!', '2024-04-19 08:00:00'),
(3, 11, '¡Ánimo! Aún te quedan 2 días para terminar la tarea "Tarea 3"', '2024-04-18 08:00:00'),
(3, 12, 'Mañana termina el plazo para la tarea "Tarea 4"¡A por ello, tú puedes!', '2024-04-14 08:00:00'),
(3, 12, '¡Ánimo! Aún te quedan 2 días para terminar la tarea "Tarea 4"', '2024-04-13 08:00:00'),

(4, 13, 'Mañana termina el plazo para la tarea "Tarea 1"¡A por ello, tú puedes!', '2024-04-26 08:00:00'),
(4, 13, '¡Ánimo! Aún te quedan 2 días para terminar la tarea "Tarea 1"', '2024-04-25 16:50:00'),
(4, 14, 'Mañana termina el plazo para la tarea "Tarea 2"¡A por ello, tú puedes!', '2024-04-24 08:00:00'),
(4, 14, '¡Ánimo! Aún te quedan 2 días para terminar la tarea "Tarea 2"', '2024-04-23 8:00:00'),
(4, 15, 'Mañana termina el plazo para la tarea "Tarea 3"¡A por ello, tú puedes!', '2024-04-19 08:00:00'),
(4, 15, '¡Ánimo! Aún te quedan 2 días para terminar la tarea "Tarea 3"', '2024-04-18 08:00:00'),
(4, 16, 'Mañana termina el plazo para la tarea "Tarea 4"¡A por ello, tú puedes!', '2024-04-14 08:00:00'),
(4, 16, '¡Ánimo! Aún te quedan 2 días para terminar la tarea "Tarea 4"', '2024-04-13 08:00:00'),

(5, 17, 'Mañana termina el plazo para la tarea "Tarea 1"¡A por ello, tú puedes!', '2024-04-26 08:00:00'),
(5, 17, '¡Ánimo! Aún te quedan 2 días para terminar la tarea "Tarea 1"', '2024-04-25 16:50:00'),
(5, 18, 'Mañana termina el plazo para la tarea "Tarea 2"¡A por ello, tú puedes!', '2024-04-24 08:00:00'),
(5, 18, '¡Ánimo! Aún te quedan 2 días para terminar la tarea "Tarea 2"', '2024-04-23 8:00:00'),
(5, 19, 'Mañana termina el plazo para la tarea "Tarea 3"¡A por ello, tú puedes!', '2024-04-19 08:00:00'),
(5, 19, '¡Ánimo! Aún te quedan 2 días para terminar la tarea "Tarea 3"', '2024-04-18 08:00:00'),
(5, 20, 'Mañana termina el plazo para la tarea "Tarea 4"¡A por ello, tú puedes!', '2024-04-14 08:00:00'),
(5, 20, '¡Ánimo! Aún te quedan 2 días para terminar la tarea "Tarea 4"', '2024-04-13 08:00:00');

-- ------ Añadir fotos ------

-- Usuario
UPDATE user SET photo = 0x89504e470d0a1a0a0000000d49484452000001d6000001d508060000004c8edaf4000000017352474200aece1ce90000000467414d410000b18f0bfc6105000000097048597300000b1300000b1301009a9c180000f7a849444154785eec9d078065557dff7fafcd9b3ebbb3bdb2855daad4a50a52445044c402b16bd468444da23189e69f0489d1d88d9a686cb18b808280200a0a02d291b6cbc22edb7bdfe9f3fafff739f79eb777debc99796fe6bdd929e7bbf3db5bdebde79e7bceb9bfeff9fd4e0b898383c380c8e572e19fdff7ab79bfdefcfb45b7851f59d8fe9270cd92198ba6cfdedf704cc7c1f6a3b7a4761d75706ab25566d58884fd9bc62bf6a7a46e77a87ba1cc5c3bada57575e7b4ccf3cf74afdd127ea63bfbaaae53b65e31eb828de72d3973cbf2e5cb13fe1d0e0e0e45e088d561d2e3d65b6fadfff1be3b9b7fdbf254c3c2d316369cb96df9b94fef7cee92c79bd69d965bde108ec5a2359295783a9b8ee7a24a9fe1617c36999c2769b67acc366b458fed966b00fb16fc66117cb62572ce719a2de722ba8dd8ad4ad4df22fa571678742a27b15024a1e127d2a16c22b7b13bbb6cc78cb5674e79c9ef762fcbdefddbe7eede7be1f613badf32e565ed5b9edcd275edb5d70663efe030e950ee67e6e030ee71c79a35f1b5cfdf73e6b70ede72f1ea13f71d317dfa8c59a1b6ccd2fdd23e3f3d25143344542e20cbbd49915d2a7b53227b74bb47b7bb757b202dd2ad17f42adff4a898ad1e2795b552baafc4e589ee730eb06f614858b7448bb8d9e8459545ed3948b34685fdb89eaf51a955a9f3c5ec2bdbb6444566c454d4c2b6db99ba9da95bee2b171aaf505b3a3735d5b8b3b6b96edddef4c1adf50f270fbc3f72d95d971d73f9bde79e70c201ff4a078749033e4b078709897beeb927faf0c1a7e6ff57f2a62591d35a671cb56bc6ab9eee5e73c9fea5e919a1ba4848e92a64fe0d0678ae5349f0a092639b2f3b13225b5436f78a6cf5b7db750b391a5eb45b6f77ccc1beb1d9fa0758b890eb825a95b8c8427f3b4fb790f11415b6cd7a21243e18f49df58a6c2e9dcdc5d7a77b4fca2cbd3fbdb0e6572b9f5bb5e9dd1d176cfac7333fb061f1e2c59a680e0e1313437c210e0ee303d75c734d78d5b1edf147e7aea97d47fafc97ff7cf75d6f5f7f52e791758d755313a9e4f474adc4066c03c51a342e5a95841ebcd823f27487c8539d22cf7779648aa569444916029d2c80448dd5ab84cab641b74b946c4f6a123951e5b87aef1cd759cbb91820dbde6cb62e5cbb3f994bed6b7e32bbfbcaf005376c3aeae0f5db1f7ebefb750bce4e5c7bc1b59ad00e0ee31f8e581dc62d72b95ce44bb77cf384cf67ae3b2f735ad382a6dde18b3636ec3d41a6c5fc2b0600448acb765db78a92a8958d6a446d51c155eb501a20d3396ae92eaa53c25559eacb912af395806343a818adacccdc55b7b5717af3efb6beb079ddfb0e5cf2f0dfac78e79f5c072987f10c47ac0ee306b73e7e6bfdb52f7c7b61cfa98d73676cae79f71fa7adbe3c32af2e96cde6e854d4bf2c6358d2b6891b9776cf67d502fdd3419147d51adda7c48a7d643b11395406e402648b34aa258b557b66b3c8192ab3e39e4bb959a598e6c9e42422e164b63b953866ed8ca78e58b0f07f9e78eea9d59fac7bcb96ab2fbbdab5d53a8c1b142bde0e0e63066a9586be75fb8f4fff4cea4757ef5f21cbb23d99a3bb1b53538de21e083b9534ef53027d4065ad5aa558a7bb955893ce123d6cc0453cddef2445fbed992d22e74f11595e3fb016d2ecaa69cbf5d6d7373c9f5adfb1e1c3fb5e73dd7fbeeee337874221e7327618d370c4ea30a600917ef2d62f2ffd52e32f4e3e66d6f2973ed9b6faafd34be3f101db473b54c76ee8f55cb98fb7ab45dae6b58b3a0e1d1f98af562c247bb60a24bb5849979ecac5403bedce64ee94de2537bf18d97edbab561dbff2fd0bdff8d405175ce088d6614cc111abc361c7971ebcbeee9b89ef4f3b4b4e7cddafea1e7a7fe288f09c54263d255713ea4ba7d6b5dbae7af4cf1d22b7ee157958c91472ed5626752eddf10b34114382e808754c83c865d3442e982ad2aa56aeed1c15443a2735d96867b62db5f7c24dc7deb471ee81ff3e7fcdd2fddfbaf2b3ed6ad1ba82e07058e188d5e1b0e12bbffac6519f8e5ef7eef831534edc9b38705e625aa8b66889844c1f544bf4de0322cfaa35ba5a85765387890d88f628b5628f55a23d778ac8792a0358b391ce6c6676aaf5a9b603071ffcf0d657defc9937fcf37d4ab05a701c1c461f8e581d460dd7dc734df4de2deb8ede776afaa43d3b77fddbee63d38b7221612ea3bee590212f8c0f7dbe5be4b63d227f5042ed501d69672572987c6056297a18d311ea8a19de701fc6d9d2112a08dcc53949d76fc8b59f193fee8bdbd76df9c3279adfb4f21d97bc436b630e0ea30347ac0e5505e34b6fbcf2b9e8e96b16bded67473ef8fe4853cd913d75a9d63e53f30148735f4ae497bb457eb55789b5578fd52a75ee5d874250749a9450e7aaf57a61abc85b6679437d7017078b95169d7877b85bd2b9f52f7d62e1af2f5a7cc6179fdc74dfc11bafbad159b20e558523d671865c2e57b37dfb76534d9f3b776e2a140a291b8d3ddc71c71df17f3cf08d57759f167ff9b6de5d7f99981d6af07f3a0486baac5243e2b17691bbf77b1d8fb0561d1cca012df10cebb968aad711ea54b56aeb8bf4763b9896a3bae7ddb26fc3ae5f7fa9f1bd37bff315efdce7ffe2e0505138621dc3606515b65bb66c8947229186783c9e9c366d5aa7f9517f1e6b9d34be7ac757e39fcadd78c4c9cdc7fcc5bdd3577f30d3126ecd46737d676b60f62286c3fc4189f4273b45d6f778133238c3d4a11260be63260879e34c9137cc1099d7df5d1c4ae5b2a164aee394d5736e3fd09afef2dbf65fb0f6da4bff566b770e0e958123d631086614d20d927be28927e4d4534fcd28898e59538e0ac095377ee8aa3b4f5afdcea4a45e969c22f5fe4f874067a35fec16f9ad1a092bd54ac5edebe0504dd4d3c3588b221d9fde325b6451adffc32184da33b916697cf4a8c71b7ffda5f91ffdea39e79cd3e1ffe4e0306c38623dcc60dce6c68d1be38b162dcaae5ab54a8e3df6d808bd1955d4ac1bbb804caff8e9fb8e7bee847de76de9def1efbd8ba353b434f52d4f90e9d36a60dfb657e4577bbc6131ce3275381c60b59f735b44deac04bba249648e5ab2c1d29ad37f3b12b9d393cbff2bb43171f38f4ffaf4636e5a4587e1c211eb28032265bb6ddbb6d6b0428fbbd6ac59933cfffcf3a19cec5873ef16e223d77fa46ed7bcc851b7763cf0ede4f1b5472663e9a97d3a2231bb11aede1feef0c699b2efda4d1dc60a98b18b19a05eaa24fbfef9de701e86f5d822ac5f5f4d22dc1dda96dcfa9ee42bff71eb814d7fb8f58aff7356ac435970c43a4a50028daa445e7cf14573bc6cd9323a1e8d1bc6d18a40fd158ffddd3bf61c997cfdc6fa3daf30f3c006d19511f9dd7e91db954ceff187c738388c65b07eed8a6691574f1779ad0ad32d0691cac9bc832dcfe5da333fbb56def1ddbf3aeb2dbbfc5f1c1c068523d62a00125db56a5578cf9e3dd9a54b97c6162c58c06c06e9b16e8d16c32537bf73517a71dde50fc9aa7feb9d2553b391c0e482f4ea654598dfec13f9fe76911d6a9dbab1a60ee30d785ca828be7e86c85b677b532bb2449e0fadfee6223dd275e28ef93fdcbc75fb77af9e71fe4ab7c49dc36070c45a2160d129a1d6d5d7d7a7f7eedddbab16290c435be9b834ddbe72f357a6fc67fc96af741d1bbea8ab3639bfdfb8d3273a44fe7babc8236d5e4724c7a70e13014c9f785c83c8fbe689bc46add882621fedc87586b7a61efbfcde77fecddfbde1ea95fe6907873e70c43a4c288986d42a8d1d77dc71e12d5bb684d42ac5b53bae6bb1bcd35b7ff6b7a73c76d496abd635ecfa48765aa4ef50193a2331b5e08f777ad30b3aebd4612283a914df3947e4e5534516d4f6d5965d1979c9de05374cd959f37ff75df6a3bbc76b05daa13a70c45a02201cdd18dfd0c68d1b638b162d629f1e8363beb35129f8d6b7be15fbfe8a478fe86e3ff8a5d547eeb93055936bcc970c663edaa316e9cd7b44beb14d646fd273013b384c06f0a5b744455e3f53e4bd73bd25ef028bb747d3a144cb8e9ad52764167ff094e79b9ffed23bbee4a64e7470c43a10944c23fbf6ed33b305251289743299cc4622112cd38492e984e9e6fac1ebffe5253f3dfea14ff4d6652eeb6dcc34f9a73d305feff7b68bfc7aafc8a65effa483c324052bed60bdbe4709f694be9f4ab837976eeeacbdefe2278ffac6f56ff96fd68c755de127311cb106e05ba6d1eddbb7c7e6cc99930987c313721c1bef79d9ed579fb2a371ffdffd79c996374b6de450175fd4c11aad74e3eebd6e97d7dbd719a80e0e87c0901d08f683f3bdc50018aee32394ce65976d98fee78668fce37f1db9f0bef7af78bf9b096512c2116b003eb1ca4470ef160313e2df71cefaa907ebdabeb66541fbab7b6b332df912407be916ad47fce746affdf480ebf4e8e0302898d9e9f806917f5e24725a731f17712c194ac4f7849eb862eb29572f6d6c5ee57a114f2e38629d24b8eece9b177cb8f1eb7fd3362df181d4b4f0a109f1a942303b12d6e98d2a9dae0f8683435980505fd12af2b6d9dee2ecc145d93b32b2b463d64f2ede73fcd7bef98a4f3de69f7598e070c43ac1f1c6ebff72c6f625b9b73fd2bce6da4c4bb8313f6c860e48b49b7e7d8bb74c5b8f73f93a388c08102c6daf58b0b888ed5858fdae2269e99dbda6f6a6e5075affed0faffbf906d7063bb131ae8935e7adfe62da07b5a0bab68c00489bd7ffe47defbeebac757fd7d5903a361709e4f5f684c8e73789fc76bf9b0cdfc1a1d28050cf6a11f9f8111ec15a28c1361c8cee7cc9bad93f7de8553ffbb8ea2ce71e9ea01817c4ea1328e4696a797e5b28632ccd040c7a1c7585d4c30d37dc10f9e8b4efbcb4b1b5f99ae767edbad074b4b080506fdc2df2cd6d22fb1da13a3854154cfc7f953f4ce7e87a6f86271f5377c73746f6a4fef9cbc97fbef51d975ce286e84c308c3ab1faa4587207214baa0aee0beb7da92244eb8855f181473fb5e0b63d7ffcee8e9392e76662b93affb437b103eda75fdd2ab227a909e69f777070a83e1807cbdab07fbb4064f6a155755493655a37d5acbebce9fcb72ddc9b711d9c26104695587d528db12d3694c5ff5d39324f981028c77d7ad4e8796bad66751f57f08498a861b8f8d16f7fd4f0b1ba1ffd5d7a76f8eafd2d3d73f3b94a2adeb647e47fd4427da6c33b767070383c985f2bf2977344dea5d27468845bbc3bdc15db91fbc5ff747ee8dfdef98aab36fba71dc631aa4aac90debdf7de1b3afffcf351e939c8cf2745d832ef8bd4732c2b91f9e4273f99bbe69a6be24aba3d9ccf66b3757a5d6f2169eaf938e754d4fc9abcb8e69e6ba24f341f38eff7dd8fffac6759648684fdfc64e8cc539dded0993fb579c70e0e0e871f7ca12cb87ecd12af0771a083536c4fb6fbf4dcf20f9cb265e1afbe7ee9b5edde0f0ee3115521569f28d1e6589a3cc35a9569fd8d635cb786582da9ea316da5306f8db56621d0012c5bc26341f0494bacdff8ed8f66fe63e3b7bf9f5c183d3f19cfd4fba745dad2229f5242bd452d55f61d1c1cc61ee24aa87470fa0f25d865faf9fa9a389c964c747bfaf96f777ff82def3af72dcfea79572b1e87a828b1faa419dbbe7d7b74eedcb93d4a7ca6504084ab56ad8a1c7ffcf18608d7ac5913b7abf3efd8b1a361f6ecd9dd5ccbfd2a7962d57dadda095308f62b5c84c9164236272609aef9fe35b5379df8dc5f6c0dedfbe28179a9e9fe6991deac379fef17378b6c71d30f3a388c0b344745de3fd79bec3fb01e6cbc23dc33b3bdf10bef5e7bde37afbdea1f77faa71dc6092a4aac16beab361920d6424bb4ceba7bf57cbd5ed7edef131fee35cc0079ae5dbb36caa2e01caa60a54e5a33ec1d0f7de2849ff6dc754beed8baf9d9b0e817a94869b2e0f6fdc48b22cf75b909f21d1cc61bf0064f5352bd66b1b7549d750f672517de966cbba2e6a56f8aac6ebae7c6abae9dd44d5fe3095521564854372ca366899563e30ae63848acbadf00b172ad255615ee3596a89e8b3ef1c413a1534f3dd57456e2dc64c3830f3e587771db473f153abaf19d1d0d8943562aaedecf6d12b97e9799e1c5c1c1611ca346d51fedaeffaa04cb62eb3e981e31bcaef70ff74efdea5f9e75c259fab13b8c75548b58b1a620552bb86cf3a6549058376fde5cb760c1026a629634cdbd7afda46f20bc26970bffe8f797ad883447bef1e2c203a77a0bd729129a54bfdbaf17acf756a07170709838600ee27f5828f2d6d922533cc714987220be33b62df7a11fceffe6af2ff59bd21cc626aa45ac50006da0e920a15aecdab5ab71e6cc995df637bd9e9ec245af9dac78dfe3d7d43fbb7dcd671f3d69dbbb32b5396ffa1652676bafc8c7d789dc77d023580707878907e61ba653d3e7977a13fcfbf30f8712d9f4f24dd3ef9a5d3beb1df79efaad7d4e678e4d548b5835bf07ce703a2f2d5bb60cd7eea4b74a8be15dfff7d1b36f7de9cacfec6fee3ecf7e5066c80c13e57f6193c80ed7d4e2e03029d0a8f6c9bbe7885cbd40a4f590f55ab337b7fde2f5c77ffcd797fdef8ffd530e630855215687e1e19a1f5fd37cd3b1cfbd6755f3b6cf665b225e1741aa27cf77e98f1b44ee572bd58d497570985c404b1f51ab95ea65222f6df1d6835584d3926e591bfad57b13affedb2f5cfc4fdbcd4987310147ac6304df79e667b33ed1fedd9bf62d499e998b86bcd6547af8fe6887c857b688ec7256aa83c3a446835aafcc3dfc2f8b0fcddc941599ba3ffec2f16ba75f7dff6b7ffe07efa4c3e18623d6c30cdce617fdf63d6f7960e98b5f4bb4e45afdd3de926e9ff1277a704da90e0e0e008d7d7293c8bf2f1159a15b3bb17f7746cedb73ecbf36ed087ff9d7977fdb0c5f74387c70c47a18f189fbbe3ae31bf28bffee5a127a5dbac69bea5192caa2bfd92ff2cfeb44f6aa95ea3cbf0e0e0e85a0edf5afe78b7c605ede7a0d67241b5a9f58fbb70d575cfee593fe79ad9e72dae330c111eb61c2b93f7df3e9eb4eebf89fedcd0757e46b9d7b5222d7ae17b975af379392838383c340406d302de27f2e1539a6c13ba754dad253bb65c183d1cf3cfbe63bbe1d9aa463ff0f371cb18e323e72fd97ead61ebfe58dbf8e3cfc7d698d79554d3a24fdb943e4632f8aac764b333a38389481a951cf357cc50c6f0e6245a8379b3da67dded7af7ce1b4cf5cfb867fd86d4e3a8c1a1cb18e22189b7ad7de476fd87c62d72b3211331b95d741e97fb7897c758b9b34dfc1c161786051f5cba68b7c4ead57d67f05aa5a66eda87ffae4030b2ebbf3fcef6e536def5cc3a30447aca3848ffff63f4ffdfabcdffc6fd78cdc8a7caad341e9df3788fc7aaf6b0d71707018394e6cf4acd7335bf2da3db2277de0d2aed3df7bdbe95fbd590f9da619053862ad32eeb9e79ee87bda3ff7d6ed2727feabb7363dc59ca4683f7050e4832f78c3685c51777070a81498129109fddf3c4ba4d6730d87b3a1e4b10f4ffdde92e9d3fee9d673feafc39c74a81a1cb15611d73ff860dddfc7ffe33fb74e39f8b7f97167f4fafde63691ffd92a72d0b97e1d1c1caa005cc3974e13f9fc9187e61b4ee5a47e4ff8dedb13d7bef982332e704bd155118e58ab848b7e78e5c23d2746bff6f4ecadafcd4f9ebf3d21f2e98d22bf646caa33531d1c1caa8c97348a7c6599b7f5b5fd9c03cdcf2d7bbcf9bdf7bdf5ba87bc330e958623d60ae39a6bae09bf7045cf313726effd4366517c86a670c84cf0b0ba53e4032f883cefc66e3b38388c2266c4443eb544e4f219f9e9106307731d0bb7b77ce8bbb98ffdec820b2e70aeb30ac3f74f3a540ab3bf70fa55bf9cf2f02f33b3a3d30da9829bd542855437bb959e1c1c1c4619dd5ab3bfeb807105cb8a666555adebd786e2071aba5ff7746c63e413977df64f77fef4a76e41e70ac259ac15c22beff870bc2377f0130f9db2e99fb3117f16a54e2dab5fdfa2b2d51b56e3e0e0e0300042a110539cfa4755004d52974cf32694981b37a74259c99ef2fcbc9b539b13573ff38e9bdd78d70ac1116b05b072e5ca9a9336bcfdb6dcc98d17666acc42ed5ec7a4abd54abd576b8a8e541d1c1c8640d58915a0f18f6e10f9bf634496d679a7b2928bac4dacfdcab40f9efde163dfb9cf9c7418116cb71a8761e2867b7e3dfb02f9fbebd3a7355c9c27d5b5dd22ef7c4ee4eefd8e541d1c1c4a42d54915f00866777bfdb39e7ee2545842e9a3e2cbff3efb9dc73ff0e8b5a799930e2382b3584780f7dcf2b1137e75fc333fdbd7d8739c49490a2de3533fbcc6eb01ece0e0e0300c8c8af5ca18d74f2c52453657a4c6a3826822dcf1b63567bde788fbe2bfbcf6da6bdd3cc3c384ebbc344c9cf3dd37bcfc81155b7fbeafa567992155e6fbfdf96e91bf5feb4da6efe0e0e0304c40ac5507deb487da44dad3de64fe746a8ae6e22fb4ecb8a4adbb3db9fd97abdd709c61c259ac65426b91e129bf39e7b58905a19ff4ce0ad59b93ac44c37cbf5fdc2492ac722dd3c1c1c1a192a04190a138746a9ae6f5bb8cf4e6d28dcfe53efffb4bbefac915a115ce5228138e58cb00a47ae26357bdeb9969dbbe294d116f127d6652fae406911fec70eda90e0e9318a3e2bead16608233d46afddfa3f23d86d16d2d5ba23ffb7cecefffeafd2b2e7703f0cb80ebbc54226e587943cdc9cfbef523cfccdcfedd3ca9eed38adc87d6887c77bb23550787490208b450c0b8255540d41f6e1379eb2a91a73bbd733561693b22f3966bebbff5bfbfbefffea9de498752e02cd61270fd83d7d77db3e90f9ff863ebaa7fcec5425ebbf4965e91f73e2ff2548757281d1c1c263c20d1714da0a5608e5aacdf39da9b4c02d32b2bb94507a6fde6839b2ffecb7fb8e46a37d6b504b8ce4b43e09adc35e19feff9f3e7ef9ff5c2c772519f5459ee8de134cff8353b07070787890226b661a6a6a3eabdb1ae6a941faceb59f67cedf615fff2b2f7fcf6ae1bef728a6f0838621d04efbbe19f5a1e6adbf2cd0717adfb6badb9796e73dc24b84b5eec31870e0e0e130bd6b53ba9d1ade4fa9bfd228b6a45962bc18643d25ed7b37863edc1f32e3fed15f73e75cb23de205887a270c43a002effeebb9b562ddcf5d327966d7da352aa3791fe23ed22ef5052dd91f42e7270707098a8a0dfc8ef953fe9297c5ca3b24548f63776cddb31b5f315e7bff4dcdfacbde929356b1d8ac1116b1118523d66cf4f572fdf7b59de52a580b130b91ba3eae0e0305900b9fe51f933ae6af0b466cc79e96a484e6faf4f5c7ce6e9a7dfb7e196675d9b6b1138622dc0693fbc62dae6456db7ae3bbafd22da164cc7a4dfed1379bf92ea81b1b3ba92735739380c0efb8db075dfcb08c0ba37cc2817d3343cb9c92c3dd7d5949ad155977af571e79efcbb6d373fb7c7bbd0c1c2116b00e7dd735e746bb3dcb1e9d8ae738dfb1752fdcd5e91bf5d2bd231765755724ac3c1c1a1aa4017d21496d59db35b3ccbb525ddd2d998bceca8334fbc63d7af9e7793f707e088d5c799df7963ebd669b95f6d3eaefb0263a9825bb522f6911745dac6d63ac08e481d1c1c461dd8160f29b932bbdc994aae9190241ab35372b5d92b4e38fde47bb7deba7aa777a1832356c56bbfffce29db1677ddb4fe98768f54a995ddb05b49552dd5aec367a90e44a08e581d263328ffe1b09bdbe6b0e1f10e4f2f42ae312cd74c4b6f4bf6e2b3cf39f78ef5373de57a0b2b263db1bef3fbefac7d6659c78f5e386adf2b593ec99cfca55aaaff6ffd6121d520693a627598eca0acdbf26ef799a061c24fd2309641d23fd5e9cd91feb2a99a3122dd8de9a95d8da9975f7edacbef5a79cb13939e5c2735b17ef8c7d7343fbe64e70f9e3d6ad71b8ca50a6edf27f2776aa93248fa3020489ac1fdc30d2c84fafa7ac966b34ea9394c78f0edd5d4d448341a954ce6f079adc62c187ef858bbb7aad7e9cd5e87a6c6e48ccea6f4056f3bfb8d773e7af3fd07bd0b2727262db15e73c30d350f2d7bfc2b8f2edefc16a5d4b02928772aa97ef885115baa2321c4b144a616906a6363a3b4b6b6cacc9933a5a1a1417a7a7a0cc93a384c14f0ed45221199316386cc9f3f5fe2f1b83907b13a721d004ff853ba32817f2424079b7a676e9bde76d67bce7fc7ed0fdff087493b43d3a424d63beeb823fe9d25377deaa139eb3fac29e035d630a4064bb5021d95261ab112276aef9648215648d612ac73cd398c77609952698450a74e9d6aca756f6f6f9e54d3e9b1d58171cc0095f0489b999949ce646ee19074c47be7ed6a6a7bc9b7aefaf26f7ff1fd9f4eca5571c69e16af321e7ffcf1d8dfd67ef3630f4e7de13f72b150d8d4b618a3c5dcbf87c9fd3bd681c5dadcdc6c6af35638865821dd7dfbf619e9eaea7256acc3b8422c1693a6a62699376f9ed987400f1c3820c964d2541629cf902c65db6110a8b52a9f5aa27a748e37de55d5c08283536ebe26f79e77bef7982bd4ac9d5c9874c4fa9267dffcde9553377f3357138e9a13abf5837913d31426cca1437fd0b65a5b5b6b08d55ad46c514458aed3a74f378a68e7ce9db27dfb76e9ee764b373a8c6d50599c366d9acc9e3ddb102b56e9ae5dbb249148e42b87d613934aa5a4bdbddd551a87425d58e40bcb44ae9ae91d6773326d57edf50fd57de39dcb972f9f540a76d210ab7e20a179775e78e5f6237baf97168f53e57925d5b7aaa5ca12701504a433915ca358a790689058793ff6398782c27d0601b7b5b51982ddb16387515213291d1cc63f20542a83b4a3ce9a35cb9c3b78f0a0112cd34240a6902ebf3b622d014c7df8cda3442e9de6b9879359695e2b5f6b3bff81bf537d316994c1a46963fdc94b1ebe64c731bdd765a74462e6044bbf41aa6c2b0c4b3e1305416bd5be9bdd429c282484765848160b76ca9429468939f7b0c35800e5958adf92254b8c40aa945d3c2cd6f53b10b88ef65657492c01f412bef7a0c8894d2247d49adec2895639e37bbfff49d3256f38edf7cfddf8dca448c44941ac7ff7b36b563c78d2a61bbba766bc55f09948ff3dab459eebdb6e6289c3928683d7a9a318b10681c2c15d860b98eb697bc5bd06b9d2b39276ab62d680c3d8c744f816f0b660a12e5ebc58e6ce9d6b08960a1f5e95522d515bc61d4a4042d313723db559647edc58ae8919a1938ed9b77cd3aaeb1e7ec6bf6a4263c213ebff7be0ab4b7f7cf47dd7ef6be95e6c4ed0eb9709f51f6a3387280e2c2be06aa4fd0151428ea4d140c46a0181a2b020519417048bb4b4b418771aae61b60e870f1381284b056596f2474fdf850b171a72a53c6fddbad5345774747494f5cd537e1d4a04ebb93edc2ef272b565a6c62413cbc55e9cb5e7e557bdee2f56adfcfe9fd6f8574d584c6862fdcecaeb5bffbdf1a7b7ef9fd2738239c11248d76c10b96d8fb2a83963e008756060a9e2e22d855801c489db0c82855cb15cb118d887a0215d3774c1a1daa0dce2ee5db46891e9a0441f00b06ddb36d9bd7b77bed7ef50b0e51dab9672ed50060eea77ce2412af9826d214914c241b5f13df7ac9a7ffea5f6ebbfb9bb7edf5af9a9098b0c4aa1f4df865ebdeffb3ce39d9f3f5eb308de8f2a52d22dfdade87541d06076408315a622d05282c14178aa8aeaece580d84c13e448b92e27767bd1e3e4c54cb95f7c2438285ba60c102d3e6cf3165124b959ebfc3a9d8d9325d0a193b04b02b29b2a65be402add8d42bb9c6a5eedece275e7ddc6b4efbe5ee9f3eafac3b3131a166b2bee1861b225af063773f73f7ac236f7de5f55d4b42af353dd36842f9f14e91ff5662751f46c940494188c3010a88210aebd7af373d85090752c51d77d45147c991471e690877a22af8b18ee112c458cd2fe285953a67ce1c39e698638ca54a273a660c83102987b4a90e8754099b8a256e648761e00f0744fef145911eaf2d3b3d2bba6847ed81bbdff89d8fb49a131310e39e5855418420d30d1b36d4aad2e6abcf7ebfed77576c5ed1fb1a43aae037fb443eb5d15beec8a16440862895e12a5394776767a768dec89e3d7b4c38b6cd95762f14209d4950880ee303c325e46a03025db66c99a9b431831243c468c2a073d2ba75eb4cf91bae87c4be33e1390c1377a80efeafcd9e91a3ea64dfb199e56b4edbf9a56f7deb5bc3abb98f718ccdeae72080408f38e2889c2ae9ec962d5ba20b162ca0d42739e6f7573dfea10b7f3beba93bb2f1509c6379a6d39b55699beb78502e70ddd223989a7a1f8265c34c2b74ad2f51cf12166d5d1029848de5406710889776af8d1b37ba5e970e658332098942a8b87d6db303640899aa8e309d944a1ef285a94185bca06c43ca944fbc2f0ec344ad26eee78e1479d32c4f87a47372da8ec57fff0feb5ef3d5abaeba6a42b50b8d698b553f8ed035d75c13d66ded8b2fbe38f3c0810353162d5a94f9c52f7e813f27b370e1c21efdb07a2da99e7ac3950bef94476ece93eae65e91bf7ade91ea30112453bbe583482faa91ee37b648ea98b8e4e2fef92140a7250874d3a64d464151fba7431343721806b17cf972e71a3e4c08e6f37802ee59ca0f962a4d0c3435d02700d0eb17f76fc93326a926cc358425797abdf45cd12c9939870ca9b16aa58f3bb0ccdc3faf1361e11b92341a92c7a7acfbecfba35f7d8377c1c4c198fc9a2054dde01f0caf5ab54a8e3beeb8ac7ef883368e7cfafa4fcff89fe57fba63fbbc8e15e6049988a57acf0173e8503e203a2c56141862a09bc419f5d2f9b119e6e3a8bdb35da55322dbd5da1c427fa1bcb17eb15ce95c42d8b62313bd88f7eedd6b2cd7fdfbf73b65e63028683ec042a549c1ba7eb154b12c694bc552655c7529e528571392f4f2b8f4beba599267d54978675a1aff679fc49ef57a0113862da7e50ed1712882055af9b9e125224bebcc61d3fed8fe7f78f6d28bfeedca8f3d694e4c001c768b950e476bd6ac893339feca952b6bb40053e58c40a42ac9e38f3f1e37efa0a4cabd3f7bc9b39fda3ea7e354738201ca9f7851e45e47aa2305648804919b1291ccbc985146ddef9c265def6b95d432cdb6219a4a514858abf4ccdcbc79b37105a320b1326823c3ea58ba74a9519885cf7470b0a072465961e27cb69654213f5bb64a26d55ab5524fab97ae0f4e939e37b4487a715cadd5a8e41a0fa94657162b8c2d0991f7ad16d9eb35fd74b4a65abf7ceaefbef7893f7f556beb1303878558b5c087d52a69d9ba75ebb4534f3db5516b8239dde62051b58c124311691fa8757beef60f5cbbaa65ebfbf46dbc2fe0ba5d2237f61dabea501e20bc629d8a72b19064a7453c17b0fe655bc2d27b7193747d689aa48f845c875642d4fc71d5615540b43cc7ba86196f488f4ec8356f253b38f8a09cd0f3b790542151da54696aa0d9a12452ad53523d5b49f5af5b8d172657a765578b5cae212259ad3ce68a9465d733b84258d92572cd7a9194974f07eb7b4efee2de9fdc74a51a5ae6c438c761d15c4a9cd9d6d6d6b6f9f3e7ef530ba5ad14ab7420bced771fbf20745ce30725e6572bf1df330904e3561d46847e35753da4869f99adcac5fec4b97a5550b887ff7e86244faf33e43b14e8bc6427eb673f48ae4c924ebbab5dcacbc1814a16244a138225553bf90824cab285e558aa1067ef2b1ba5f3ea69923aaed65beaccc2541eb58c073a01f32d5871a800c8a25faaf1f3bded5e473165a2ecf1b5676d9979cb3fd1afc6bb68fc625cd70edef7f8350b7f3aef813b7a9b32d3cd093a2bbd7bb5c83ed7bb74a44091a1b4d82246a1e85fb6292c894b9a3debd4ea18b6aa8c20dcecbc9844766724b253eb4943d46dec2c4d3c0757b07d0e24cb3988d6cdd6e44079a01d95091fd8325c8bf67fca0765869ee5b4cd33b4664852a50cb744247171a374bfa355d24bb51c476d41f6a1ea23ba3129b1950909f57ae1112e423974139b5408242d33331ddd20b2ac5e72aa6a7634b59d3b63deb407567de7e18dde45e313e39a58b7be29f28bf6f999138d6267fa2c7a00af720b125702282c14174a2d4facb8c9a646a5f7d226c9cc554bb2401fe106cecc8c19728dae4948649f2aa021f41c8a0a2b838e4c0cc9b15601cfc4ed461c38cf356e38cee403e58fce6e902a3d80a980058780d1acc038693abe9562a91aefca8590ea54492f51522d621b85d4828a6c4949cd9f7b24d47da87648f890aaabe45510cc2dc0bcedaf68159916935c54226b13db5e71ec392ff9d5ee9bd68edb4e32259bdc5aa8cc440c2a35ecfba70f0beeb9e79ee8c5f7bdef33bb8e4f5d64943bae04061f3fe2c69855122892429836d6a95a1f1ba80428df265f1297ae0fe0622baeb882e019f408666804bd81e980624915051aecd4c4bec3e48125557afe42aa412b1552c59361277fa0dc0c0586d324ce6990ae7729a92eaa19b80c87b58cb784fb3569d84a9f4385c1b4871f592bd2ee555892b3427373c7367e47f5fcb8fde08baabd42e2d4e39816282665c064400eaba5fbdec8972fbafb88551f3507e87e3a2b7dc7cd013c2a507d3428b182b8371eb0fb6d4328301f902bc3182057d6c6e418058662b5962c9d9918afe8c8757280fcb73d7f695ba51cd8a60900a9d2f9add4b97fe96c975a5127dd6f9fe259aa85eedf00d46a925c933e27d04f89f85871a8021e6f17f9cc26cf4852ac9cbbfdc22be29ffcdc35b9f1d9deda27d2aad0a2c8dab56bb14a6bfd7394a46075907b0e5bcfa0cf5ff7d5a57ba774fe285b17d6af43c19aaa5fd00cf17b9739540ec594482eaa35f9baa1cb7aae3624c9973648cf9ba678443c04205306f3d356c69663abc850a8b4b562b560b9ba89242636204fe6f9a5f72f1529f2de122ac0fd0ba9d2f1ada4f6ce4848d247c5a5fb2fa648ea78556b431547b558734d512debfdcb982b7755028cf2939d22bfd8adca40f735997b67e7debdf58ee4cbcdefe30cf9d2ea13a8969b507af9f2e50c79b16b24719ec9ed7105b3cf640d878558dff8e047ea3e7bf2ed5f6e9b95f6c63b1dd09aea075e10d931f0eaff0ec3074a04c943f7ed309b524047a7de8b1a3d726d2d8d5cb15c99a189f6d420b9daf6563aae2c59b2c428dc3e717398108040a940d149c9cea4645dbf0022a5c9004bb52452550d975e1c93aeb74f95e42975835aaa79e825397a041771053b54118ce4f8b7f5de6a388a4463aef6c747ffe9ff5ef3f087bcb5b4c71182a6079a6f509f8a162cdcc187cd34dcba79dbffdbdfd87d795eb17f63ab6682ebac542df453241caa255a32f452862df4bca659126735f45354c5405b19ee603aa304152771c1356cc995e1380ccd719838208f2153ac55dcbf902a796ecb21152ddae3b1544beac8a6b765a647a4f79226499d556f3a2e950cbdd454220b6ee9f74d385416184b1f5beb754655241b72f357756df8c6781b82938fec962d5b4c3baa7f5814bed53ab4e95105bceef18f9cf9c4cb767f586ab46013cbdfee17f91f25d6c3e6949ed840a915432ea645a61cdda29767e646a5f7f5cd925e1a18183808acab0f72b59d52506888b55c51bc90ab730b4f0c90877821684b276f6957b73d7f812555c6aad254500a98aa30757a83242e6d966cb3aaadb2caad5e5cd3bfacd32c01d93b54110cc1f93a4b7ceabe66c1fae3db5f79efabb7fdcd7822d77c44172c58908638fdc33cb460a3d9a81e5ae21d752abbe6866b1aef4e3c76632a9a693627d6768b7cfc45b5af0f9bf13ce181420b8a7752a504abb31f5449a58ea9959ed7b74876466933d730be1597707035111b17142e0a2e48ae0ee317e4297988a56ac7a8063b2a41aa4c7f49658bb1aa2541b98f76d59ecb9a4dc5ae2c52057a7d8eb9496cd957d8f28738541130cc37b689dcb8cb23574dee3fb5acfe8f9b4e7afa64f3fb3840b00680df8de13458a5ac2893af966941c2056c1a32d937274709cc037cddb267bfd0b12c34df9c6072fd4fac732bd65419c51408196f944dd95a4aef6b0c4be25cb51ece6930b3379502c875f7eeddc6820d82786135a07cb172988de770b8856d1a9522b69d90ed60c27b9522c5ee2d7c6631196b204ee4a175ff928fe46b30ae782d20d49257aad15b33d37001374aea84daa29d9086822abc7ec36dc0584cc309097a077f7693c84e4fcfa7a7861bf62c4b7c67f5ead54de6c41807046afc735a6028b138b6a3ecab94d033a0fa78fbb66b2f5dd3b4e3fde620ab89fdbf5a93f9931baf7a58804ec1e01c8e6ed17b9899a9e7ca16492fd7225702b7daf6563aaa146b53834cace5cafcc2b4cf555bf1113e62c9cc121d567450881782db1ae11c5b7bbef0f7a104d7fc40c78561da3804891809c6d71e07c5bedb688167619d328525962a04cbfbd8b800ac5508b5e476558559feedac4649bcaab9cf64fa65411f0fb1f6f7e1398c1ab62aa97eec45916e8f8a764eeb38f9f4adeffdfc7818824304f31d96b43043a8a595de51c0771ff8d9dc2dc7777d439afd2a27436b4cbbeaa81acd9312032ad891285ecdc6f4b21ab3de65b6b53497301d98b05ab158205a142de7ace50241a08c2155c815cba71a203d50f83caf903821392b76dc2ddb52c4de133c2e94e075c5ce174af07a1b97e0792418ef20198f26c9121f165d20efaca54afa5a90d7ccb805a9326eb524e8eda9a3e2d2cb9aaa94b1e1bc02f720a89d82fb8993c3288215caec109c48487a8f8ebe33fbf894d3bc1fc72ec2faf194e05b197d5c79c395917fcdfddfe73a1b5273cd89fdcaf77fb756a46dd08ecb0ed5c608eb8a6699aeb31b24714163c9edb5e974da4cb24e3b1b846a0916a0fc51c81004ca99611a90492549c112aa25534b48c504c20a0ad75b122b3c173c1e4c2ce905093d786cc3093ea3303ef6d80aa46685f442483f4b70845d4d72250ed64ab5cf0c5aaa807c26dfe9b45412f456daf013b8808f897be31c860ba25150d62973561c4609cc4fc0c411cf7b652015cfd67d2e76e3cfaebce1ead9e6c418c5488a5e5571f4472f79fd138bb75c9b8b68f1a61c7f6d8bc8ad7bbd9a8b43d581c2854cfa2857e6025e5e6bda4a4b1a0f5804e19c8657173153c645d72624b267e88a12cfc74a4550c241f09b25018082c6bd48dc875ae9c4decbb55638c6b54c18966c2cf140064152b3f7584228b4f682123c3fd03583898def5062e33090708d8db3157b6cdf3f48bef6bd2d41f3fe5c47ba163ebb54c2213cd21862c55ae5393cd7c60f0178294a9d5909302949e2bc46e979c314c94e2fcd233210c2ed59a979bc47a2eb93621bc5783fc89e0a9e23d751448fda7eab95585f33ddccea966d084f89d6d5c8ae6facbc5baef5af19631893c4fab66f7f68f12dcb9fba31d5282de6c47d0744fef9d0da7d0ed507ca0f051a547486588f8a8f88583530a34033cd1aaee66774d5a1154406038a0c62b5569675051396557236ae286948c02a40abb0791f943964491890a775430649d42a792b967808c39eb3cf0aee0f262345b130872303c5d7be9795c273a48115c895f4b3e4cb16095636b8bf109c237dc90388156bd5de67e361850e6bdbb76f3779581254936516c5a5e7ad533d6b95e1322340b8c327d6757d89953248dc1cb18e327626459a3493cf504ad022b22b7ce0ecbfb8f5354faefad5632ff8578c298c3962d5021bfafbf0ff7e71efacde9719770cabcc7fd0cdae34da40615a058b1840accbca2356ae2abc3217ca791d43a645a5f6859444b7a7255742bb394a8d38a190838a2d1f3f4530be286f8893763c943982620f928125024b2080fb093f1816b0c74199a8287ccf6059b069062142b2d692b5691ab46eb98673a439f9469e588f00e7b926f81c847c660c7370a8d550c042ed797593242e692a69cacda11082581f3b44acb6bc51a173c47a18407233bef5dc292273b5e2140bcba639078f3deb8a97fd7cd30f9fb6b3048e198cbc04561090eaeb6fbafaed9b661e7897d1c628db2f6ff6dc000e63038310a0aa457fef10b8baf00e73ac9766e7a8527dcd0c89b4169f8ca2102833d6de64180e0a18d82d082a670019a0d01114395babecd95a8208dec333ac35ecd017a45190609120c14294545c486bc893a909e9f14bc586adedfd6b4995fb0a41fa43a84c5b582a795149630ee0decb9a258b555301e8db49e1c042e2536a9c1caa005cc29fda98ef25dc599f3821d79bfd94e6c998e23130a62234fba6b367dc7eecca7fcbd584bc783da835562666767aeeb0c1124e1e03e815a388fcfd52118a84257d6a8399acbfd492c8900b142f0ace5a98161022e7836e624b9eec078f792faec33aa20d8f70d9da301c06076984d8f40ba6b9b550ad7b1d22b59d94ac954a1e1403ae5fda5609b72468a1cbce8a9a39a9a9a8955d08078496012a910545a1dff7e030ba785839e17b3bbc7c0987e481e337bc7bee6d175ee4fd3876306688553fd2f0917396fd47b255969a139dfa61fde7266f42088751c7808a6d108b5529c9df1b1c563565d524e89e96918e37344ae6c8b884956887020a9cb1adacc18912b78a0e258f82c74d57acb38b254bde0be58d60f9b285541da1960fd2cb564e48439b9e360f204f6bc9b245b052072227c2216f87ea741684e9657e66bd59128e290c2b061e5fe413e07d6d25c2e130807cf9e65691673bcd61361eaaaf5bd2fcc92f3d787d9d393146306688f5a8eb2e3dffe1f9ebdf9ed7baf402668d3e87c3029424082ab8fc849645949eda2ffedee088e4940c733e19eabf54242b89e531e97d75b384eb4bebc989d20eae7062157c9fb8faca9bf35c8fc2c78d8cd24638e65ea7242b039b07102c634e496386c9b06ff36828706dc9b32b01357ad30b63a6277066969912ac32b0e59c29530ba25deabb385411f4bbf98f8df9bc593f7ddf59dfd8f29d4f7a476303638258b5a086bb4f8cfe6ba63664d68035b5911ffae6bec3d8c23086117b6e628fe83221adf1071aafb20ca356ab237d4e938416d79764b5026bdd409685a40aac9247b9e33a4661a3b82154ae75cab17a206dc91f2a67c1f427ed8b7913007965c72a978a6c6344922f556bf5e412d6582d17fa0ea182b9c85d99194360e208cb11e1906c3f2bfbf6f31e7ccf91de8f871f879d58b5b0862efad5bbfe6debb403e79b13acc977ed066ff9208731874265530940baf1798d927e458b84a7d494dc8e85cb11a58d52b640a1a3cc51e4286ad67745c1a3d09d621c5d90de5470204b2c582a42b49f52192aec596bbd0925036bf5e81ae97d65e53a2cf501514b29b9068a0cf17565680ce1eb5b45767815b19e786ace8144db37eeb9e79e910d60ae100e3bb11efbcbcb8ebcfff80d1f30e3ce28b3d7ed12b9bfc4152c1c4617e44f52ff2b53b7e0f2e5df60e8adcdca819745a5e7c45859f3b3da5ec2965051deb889215694b773dd8d0d90075480204ff2a7308fa820b12d15d916b556cf6e90cc92d2e69d1e0810274d13d6a36261ce535f734567ec624baf37513ffd3e34fb9e396ae745efddf5e977f9bf1e561c5662d58f2d54b3a4e95f932db999e604b58f6f6e7385790c808e41c5104a542673826a0c7770229294e4fcb074bdaa51b2cda5174b2c2294f4ce9d3bf3631f51e025b7d3398c2a205808d4122c9dd0682b2fc7056ce69c5e5e6b3a2d8da4c3522c1391da644cea7aa3d26f62573d361397048a3b9e946087398731805bf688fce180b71f0d85da4e8f7df8dd0ffcc3615f01e7b012eb9b7ef1a1573f3b73db9bcc0105fb8b9b45d69738d9b64355519458a9180ec3622d866010769ff188e9e35561beacf4092850d4b49d16732f3a8c5d040916777dc9d6aa168becd48824ceab97f442b556cbe438639d5a519d63262bc1931c0827920d4b6d2a2af144441564df0738521d63606ceb979437125ecd686f7dc709db0e1cf818469b39719870d888f5d45b2fabffed51cfff53b646bcee7c7f6e17b9496b1f0e630228be7e24c531d34a0ec25d9e536d98655a6fcbcc884aeff90d9299537a5349d1b83a8c0b949b77663288a3e3923c4dadd586f2d51744eaf97973928a6524114b4b6f2c95ef50175652c5828d7746249a2c3effb12b6b630c4f7488fcdfa18e4cbf3ffe85abcfbefe2f8ef37e3c3c386cc43a6bda8277b5cd4cbed41cd021865a873fa386c3e10716443105c2fcbee14eaafafe894aa34615e74975925c516ff61d1cf2d0e2909d1e912415af45434f0611ce6299fa0701702a2f1a46d0b6512a35e5de7478cba4fb58a8ec3b8b758ce2dbdb4436794304d3f532bded58f947cdc8c396598785583f75f31717fc7ee6aa7f6548a339f1cbdd22f7b80e4b631128993e044b4fc983035780f46af36fd8d012919d82ab4f95e7bc0a8e4d7418f7c8d1b67a54ad24ce6e905ccde0aa0bc562c64b97a95ab15c53918c64ba929e77260067a98e616c4f88fcf7566f5ff3fcb929dbdefef1ebffe3e5de89d1c76121d61fcebaef2f138d596f3dbddd5a80ff6b8b96685768c712d2696f9abf3ed02c32162bc45acdecc2dd7742ad244fae1326fe777000b4ad264faf97ccece8908449f1cc868751c5d37021d0f0818ce47a8a4f20e2acd6310832fa273bbc6970416d58be76dcddfffeb61ffd7d8377627431eac47acdfd5f5eb271ee814fe415e68f77ba0e4b6314c56ae8865855e9541ba683caf90d66dd5607073ab3658eac91d4695ad92ab5635b313ff050d05b18ab1dd999f63ac6f8e05b806471113bcb758c82ecfacae6fc34b8bdadd9d3771ed77558acd651d55a2b57aeacf95ec3dd9f4fd78b37c3d23a25d4ff75c36bc615124aacfb54e9545bb968c52bbd3c2e89731a8c0bd0617223db1896e4590d92995bdde601dcc7b19e88c4f7ea41c62be310a925d67e5e1c87b1052c567f1e846c4c228fc6d7fcf7fdcfdc3fd59c18458c2ab1be7be7a7ced8d678e075e6800e4bffbb55a4ddcdb03496d1a776aebb0cb709efadb22b182897d243387941a364678e89c9541c0e134cdbeae21a499e5a6708b61c945b25a3c353342112ebd03b03651c522d67020b87c304dac5fffdd0cc7dedd3920b5ebbf313ffa87a6c546be7a346acd75c734d7865ed96ffcd4d897acf5cd32df28b3dd557d00e15857105efcbf41f505f0df8eb6c264fa93d0c8d160e6306f561b37a4d7a11e356435a14c252938b9a051d8682e9c03408f83dec0bfb99704e7ad30949f42424e7b7af42aa569c1b781c004fe86db81c14919074cec9fdf5d17f7a6da3776274306aeaeaf67357bfbaf7c8a83749328379af592fd2e56a80631945dd5e5925d67625d68e516056d589f41066f84db6b50af3c13a8c7984e88b31bb46422734495d5dad3467903aa9cbd608d3370c05c872707255a2b4bf8770f92a81b669b94737f1934fa46c9dc53a4e8037f4cb9b45f67bfa2b392b3c259e8efdbb3918258c0ab1beeff1f7c50e4c4f7d2c1bce699553c162b58fba25e1c63a20d67491c9eb434aace1d15824411f1beac94a64b71239333e394c78f41b2baad91eef084be3ceb0c41221498732d219ee95f6488f2443439741fa2f618d0e047eca86bd159728611abc84f75371ec4ba27c037c0b0ee3040cbf61927ebffeffe2e2836f7ef3ad1f3dda3baa3e468558d3eb9bdeb06ec69e97f987225fddd2a7c79dc3d804ca845e907d80a26acf4af8e028e45f2a27d1677b25fe878ed1b1901d0e2b2ca1062b72b96c4e52bb7b24f59b5dd2bdb14dba434943aea50ea461c84d59d06246aff77041797316eb38c4cd7bbce19c8aee7872d6c696dd579b835140d589f5033ffdf8d49f9ef8e835b49719e0fbfe933fd6c8615c00a5125476e136add1577bc88d3e2eba3129f5d71d90e8e694397698d8282c6716b98c56e45ee895da5f774864577956239668462dd29291c915b558ddd8d57108ac56666402ca740f2d5cffe10f5cf72fc77827aa8baa13eb7dc7adbf30d5985b6e0edaf4a3f8869ae74e498e1bf45376ba8bf51861c84d158dc8506756e2f77549cd9f7bbca5ea1c263542dd5a1efed42531ca4335cb5d174d0fe93e4d0ffddcd30ee3073fda29b2aacbdb6f88c875c73ff4af37dc7043d53b6c5495585521c776e70e7e3e1b0b79cfb9f7a0c8d39d66d7617c00f797ed0d9927586af53b55f9a8b2ab0a94b363cfaa857277a7847a1ca93a28b41884b7a5a4f6776ab56e4956ad728e3726bcbbbf87a4ac65ed1cc60e3a5499fc68477e4c72a221f3ea1f1dfbc03c735045549558cfbbeded1fd83ba7679139a097dd67377a3db61cc60d82c46a41078fc88e94a9dd571c1a64647b4aea6e6993c83a5566aeb838f8c08a8c3dd523b5b7b57bd36a5601b4af4676f50fdb4d0c314e81fe6058e776afadb5a731d3bc6dc7ce2fa83eabaa0ba26ac4fabe1bfea9e585c57bdf9163d019b8fb407ef50187f1853ed62ac8e60cf999556e2a0c7a01d73cd225358f767b0b4d3b8c2b54db6d4aa7b9dafbba25b6527549a52be91a1c63b48dc51a40bff2ef30be80d5caea697e16ae3a6ad725eff9d1474ef58eaa83aa11ebc6a9fb2fdad5dae9459ed930fe6fbbb356c729ac52c92b17e5d3f0eeb43fb5a177aa2280b03724a5eed60ed381c461fca1ea2494d132b23129f1bb3bcbeec83414a8c8194f4c4185118f8dc338c75dfb455eec36bbc978b6e5f727ac7b1b9316991355405502fed2f55faabb77eeea2fe67b02dfbe57e491f1d913d8755a10e9eeeeeea72c69fb8cae499809cb2b85709b5a237fec94e8736a8d385de6300042bd59a979ac5b6a9ea8a0d5aac184dad34ada6aad06ea74902aedab8e5cc739f626457eb0c3db5795beb5f9c0d507cead99e19da83caa43ac337ffbf2ccd4b0d740cc5cc0ac93e7cae5b845d00ab1db504289756dc2f34654025a3e221a5ecd7ddd6e32880a60425708b57884d55aadb9bfb3a2f356337635ba3929a1c0e4fb10aa1bbf3a014096fee4d04a6a99a650ecc6e8bdff690e46082d2721953e139a5785581b9a1b3e9a89e6bc65281eef1079c133c1c7232c914c76900ec1b408255409ad5525d45d99f4097566a4f60f6aad6ef43a19388c0c13bddc3267353dc7e37fea34fb238686c15271f476a79247fa595275d6ea040193127d7bbbe6af575e3a16e52ebef4d7ef3ec21c94082d17fd6aac5a89cda9f46997a838b17eee37df3877edac3d179803ca23d34a3137b0c3b8054a865e917d94b56629eda0910d6ab58eb0428f3b39f6bc5aab8ff698ce4b0e0e43428b62786f5ae2f7754b64cbc87bec52eea22f6a4531d0d3dd12abeb113c81f0db7d22fb3d0eecaced9d27331bae3407250212f57707454589f58e3bee887fb2f5279f911a9fd4ff74d09b17d8615cc3d6de0b81128aad4ee45d67c382de1a3a98959afbbaaa3a3ed161e2c10cbf59d52b358f77e717b71e2e18936dfa0cf8153bcabc2df77d2a940ee31bdbd410b871b7b71f0ec96f628f7cfaae47ee9ae69da81c2a4aacff14f9fef199d6a8d713182bf5fb8706e63a8c7ff4513010a24fac2c7e3e5c40ca28b4f83d9da6ddd6c1a1646871c16b52f340b7444762b5d21b5dc3a11922d8be6fc9d561828175c0fd3984654e3cf6bedd5ffcb0ee55b453424589b54e221f4cb6e4eaccc1965e917b0f985d87f18f643299573456d9408a916d49334461b860403e53d545b769184e8739940bda5a57f74aece9de61777a0ba98e8d6e4849a860f818e5dcad683301b14775cdddfbcd6e2e2ca1de45e1cb2ffbd6fb3cdeaa102a46acd7fcf2b3f31f3b6acb5f98030ae737b68974bade741305b435a164fad4e07537bc4b6bfaeb87d9e1488b07d66acd835d236ea77598bc3056ab56ce42bbfb1263a9a0231eb37c85f7f77727bb1ec113100cd1faf1cefc88861dad1d27372d693cc51c54089521d69c84be3cfbf6f7e66ac31eeb6f566bf58e7d66d761e2a0e812724c01a7c43a1c6b81999be2f776a9d5eb3a87388c0058adcf2724fea892eb30c6b532db52748396e1824e96b4afba1ec113144f7688fcd1f7a8c6427273d3235fa9e4e4fc1521d6636fbcb2215a5ff3560dcdf35363661f742e948988a02b1898610f6bb5b6bfab4c72540518552b81d54adcd4850e23053d84696b0def29d36ad56be9551c656208570c270fa82f7d777b7ec44a666ef4a86bb3df3fd31c54001521d6d3a62fb9e4c09ce491e620a911fdde0ed321c061620157b01d7a9027573a1fad4d4a6473790a2ddc9535eebbc856a7d01c460ed34358add6d8932c2b577a816216272a78e1403f015b79eceaf2971b7398987842add617bd092352f16c53fcb8d6d7e96e453a318d9858b500467e31edc1ff970fe9f67df939191d2616acc241f2d0ddf0feb4c456abe559aa3b58eb5e916d6a6160adba71ab0e95801623acd5d893bda5af7c43d9c50dac840cc106e186d94c02b03ef8cf767afb4aa72b639bafbefec1eb6bbd1323c38889f5d45bdeb8223535b2cc1ca0245958d661c282dec156e9e4154faf5a0baad04a5d46ceccdaf45caf445f70cbc239540ec66a5da9e56a43895e107ab56f4f79537306aea77cbb49212609aedb2db2d3eb7c996c95bacfedb9e163e660841831b1c696345e9e8c671acdc13a35ab9f710b994f640487dd58d06124ba2e695c6aa54c8a1ede9d919a87bba570151187f2c07cc0137a4ee072a1c589a685d8333d252dc24fe7395cc7e13d6ae1fac51652a527b02de70e131c5d6ab5fe42c9d5cfeaf52776befa9a7bfedbe3b3116044c4ba66cd9af833910d1fce7ba56fdce5ad7de730a1c16a1f7d948eee86db32127ba48409f41962b33169c61d966455380c88c20a8e83563698b4e4a95ed35b7d2884f41ad31c112061d233d897c0a13218b395403e9f3bf7e53b317586ba4fb963e6a365cd1f5c0c2322d6f7acbcf66f7aa6e73c76dfab05f1674aac0e131a281e3bb62fa8d8cd02e5b46fb1dac82008ab12ab79a85b159fab8039541ec67bb29e8a5bcfa0de13b33ad3baa4443625f393f85396adc5cad6a17208ea8a31073a31adf5fa05a5eb2496dcd6fd697330020c9b58bff5f8adf52b4fdefb4ab556bd6a08e3563b86ae253a8c7fa074fa291e3d346eb8958358a25a3cc2dbf49a27cbe8e834c9e05cbb2387197af3488f56e2062156dcc04abec1492150fc90aa9b146292816977bfb635afb7561eb3ebfc6fdd7fc342ef68781836b17e25f37ff3bb33bd67990386d8fc4689d50db19914c04d06b1f6a981eaae99018736abf6e2b5fd9096939a27bb25b2b3c4ce25931063b6563f8ec0b868c656475882b05851a412b845adda95877a0393eed65aa57dd5619281c562367913e0e422d2f4a9dc775f6b0e86896113eb9cce291f4c3467bd9996b626441e3868761d260718e35748021067f4995e89ae2998a109e8a5a13625dec77a755b9c781d1c2a02ade087b7fb9e11dfcd1b04e594b55c994e3358c1a33cf79bb6d3617280f983fd95d8b25109c7a6d4bdf1ca1baeac312786816111ebb66ddbeaef5bb0f62dfea1b78a4dc174600e131b281f2b796009e00e7e4ac9b37036252692d89832ebb78e6899390787a1a0c52bd4a195bcd55a0e99583f08fd8dc5cce93c170ecc654e39eee78571983cc0db7add2e533ec0c6a6bde79e71f2eb677947e56358c47ae9131fbe581a232de660bf32fd1d7bcdaec3e481759915926bb85badd247bb255ca0d0685365dc6a64bbebb4e4507d98e5081902b6a9af5bd74cc1a9e530f65cafa908064139766ee0490c2cd6e7bcd9b6720de1d00f9ebffe1a73300c944dac5af842d9e535afcc44733173e2c94e915dae304e46f4ebc0049437a32f26a4e6899e3e562bedaf2c4aed665a721815e03dc1325d9bec33ab92b77e6b9737a77000851544874908b21fefab5f0c369cd879cea7eff8ea0cefa83c944daca11baf0aaf4b6e3fe406be798f88ebe13929d1d3d353542185dab312ff7da799ead0407f8eec48499445d15d5171182550898b3ccf7270becb57ad555662aaf9b356f0028beadbf2cbea4d8e5c27391e51abd55f4026914b2cf962e3cdcbcd4199289b58df135bf497ddb3734de680b188bf766ee0c90c7a081792ab71b73121fa33bebb4d8fa32f26bddec00e0ea304d3fcc004fb343f68390c77f8cd14bbfbf64aa7ece27d29ea8171985c60f6c07587c6b41e1f5df41e735026ca22562d80e19f2c7df85dfea1c86d4aaa3d6eccd764050aa9df1aad4095169d46cc44106d19332984e948320e789571a4e17058229188934184341af3d07218d99731436fccfcd41b52de4c4b45ac557a03230e931c4c2af2c343f3dd3fdcbaf66d2b57ae2cbb7770595fc7cb7ff2b6a323cdb1a3cc01bd807fa3c47aa88c3a4c42d801f5418b159809d19fe991d813dd123a983116eb7818e76cdfc34ec1e6a4bf80c2fc1eab30bd839febf5daf89fe891c83a2d870551c752659a4e070783bbf68becf6fa0da55ac3b10f3cfba9f79983325016b11e383d7442773c35dd1cb022c0d36ec2fdc90e48b5983bd8580bdb52527b57a7b11282139d8f75d87729462a935d82e9331e60d65ba55df5d16eb3f003ee600bde0152c55275bd811df260befb3f1e9a97e1a933f65e7043ee86887f5812ca22d6bd9b767d5c6cf07f3ce0cd0fec30e9d1dddd6d1454a1c2a55770cd23dd52fbab7609b78f9f2683e07b142397c92c85793ce6a151656c75dd2fdb25b6bad71c5bf01e540c5da725873e6052917b94dfec78fbeeeccbfee5673f9aea1d94869289f5c7bff9f19cadc7f61c630e78e04fdd84fb0e1e20557a08f72357ddb0ca086306c7db301bfb2ea018c14c3601a447305dc6052883acbc441b7f60bd60fb2ece5a75280a0c477fd5a38e69a9e92b8e7d89d7045a224a26d64fb6fff0dd1209796357d7f7e45703707000282a6aff28ab3ed043d35924a08bada21eeb08be4f21d14c3601c5dad2c705709630243010755b5edd14860e45c11487f72ab9824848eedff2e8a7bc83d25012b1deb0f2869aced3e227e722fe4a362cb3e306fa3b040001596b662845355e1419f174c4dad75a9d08e05d2ca9ba4e4b0e038205d0fd0e973b4f4e1ff59dbb7f56f214872511eb3f6cfc416b6757e72bcc01cfb97bff21ffb383832248aa562602782f943028463a9341488389341485b2c93bd9559a1c1c8a625597d74957a166c3cc4f77fddf79e6a0049444ac97cf3af78cae19d96673c0b8551a761d1c02807c68679d88ae35de0d61ece66413f272a2e5a9ad2c39527518143b12de84118a4c5ca2538f99739a7e0725b5639544acb7ecbde7a3f92bdd82e60e456015b055c2134911db77431117b3e826aa00fbde1305b66c2258ac0e0e0382dec1b71e9a5970d381adef08dd7b7e49c36e8624d6eb1fbcb375fb898965e6007f337e67078701c0d085896809f04e76bc6e31cb6ea209c46a2b4a130996545ddbaa4349b8e5d05cf8fb8f48cffc7aecdd279983213024b17e74c367cecc65b2dea410ccb1f9a2671a3b3814034a0b97f04404c46a97ca9be898c8ef4a2569a255181caa0426e467627ea06cf9a95ddffd1bef60700c49accda7cf39365323de309b8daa30dd12710e25c05a06130d100eed73856ed38924e41bef39113d0fa0b3b37352548e1c2a84dfee5785e6ed769d5eb3f4fa07afaff38e06c690c4dab5bdedbdfe201b91bb0f7873043b380c8289acb47837dc8813b53313c052e5fd261ac83b47a80e65e3c90e117f4ddf5c77e6b84f6fba6e813918048312ebca952b5b371fd1eead4747fb2aabd93838948089acc0702342aebc63318b6fbc0ac052b5ef369e4125c1be5321063aefe050142f748bb47b4d07dd4de996d615b3179b83413028b1febf67bffa6ea98f78a5f0790d7c6b9125c21c1c8ac05a07139560212024484ce35d70fd4e04520583bd435ddd909e3c07874380541ff6db59a321695fbbef6fbd83813128b1de7ed4b3e7fbbb5ec06e52088712309109d582f7a30734d62bd651b1354bc793003b0e7922c09641ebde767018117e7dc85bfbe4a22de769d91ab4600df8e3276ef9f4ace6d6294bcd018bbf3ed62eccfbeae0e0e0011262659f895089c0529d8893d14f84bc71180378acc3eb21ac08b5d6c43e76d37f1c323a8b604062fd6ac36df30ea6fcf6d5ae8cc8ca2eb3ebe0500aacc530d1813b18cb15d80e40e3497001534198a84ba7396275a8087007d3d6aac84a2ef6df4db77853fc0e800189f59219679f926d8978bfefd09a2c2bda383838f4018a1babd55a7b85ed96635d685765f8091584c902dedbc1a12c605caeeaf4f69515672c9fbff89e7bee897a27fa6340627d6adb73eff77745eedaa7557357f373280dd612b232d1c1d094f13ae3142ee0c944aa16945107879201fd3dd0e68d8e5174efeb38ffafd77d65c05e70454bd7e3b9c7631b8fea38b4b0ebeff6fb3b0e0e4323168b4d3aab0062edeaf29a4b82aed6b12ae40fa44a9c27ea44100381f7b71db61c1c4a063330f99fcafe99bdb38e7ae9514dde517f1425d61fde70cbd9e186488d39d8abb5d90d6e988d43694061a3b8ecfe648175098f972138c417529d28bd800702ef1a2c8f561c1cca068b9faff6fb1ac5c3d2b236f726efa03f8a12eb379b6f3f3b93cbc6cd01d31876bad56c1c4a4750994d2640561d1d1d639e5c2da94ec45ec04321980e0e0e65e3f787964cfd59ddbd6ff577fba19ff6bbe1861b220b8f5ebc48fc7921cca4fbacc1eae0502226abe282b070af62b9f2fe542ec6a240fc74589a0c2e60f264b2b9ba1daa88c07c0eb1639b9bafbff3fa567350807ec4fab9033f8a27f6745de81f8a3ca801b97e4b0e65c092ea642557265aa0cdd55630c692403258ab13712ee052413a38380c0b5b12f9f1ac92cacefac69e5f7a43520bd08f58f79e1ea9d93ea5dd9b180242b54be638389409486632028bb0adad6dccad8203dadbdb8d453d5961d3c16e1d1ccac22e25d6031eb1f646d34d8f1eb763963928403f627d4fdb2bcece4df1fdc03b93229b5cc72587f200a14e5652b5b03d6e498762eed8d116888436d5c9d80bb8108e541d868df68cc83abf625a13923362479fe91df4453f62fdf99e3bdfe5ef7a6e60d73ce1e0503620d483070f1ab7308afc700bbd7f89cf641cb3eae05051fcf1a0bf23b27ed796374a2ebfb06a1e7d88559541e8b9e3f71ee31f1e9ad1dfc1c1a16ce00aa693d0e1760903081e7170701821ee3f44ac9b17b51f7983dc607854f933a2128347fb10eb977ef58df90dcd8d53cd010bbb3eefe60776701809203386e08062a4371a825b9ab655d73bd6c1a102a07974973f54ad39225b6f3f708192698d7e6bf4084c6fdfbebdae0fb17eaff38e45a954729a39a081963656078732a185ccdfab20a221d1a25ba4f1626c036b958e4cb8608bb57d565bc08103070cb98e3b68f44d9edba17f1582ad7038380c0bacf6f6ac3f6fb0e2fbedb7bf5637a64713e54abff9be6bca6d3ca9634ab2265b6b0e98cd9f99261c1c86818a926b44096a5e549217344af2cc06492fad91ec543d394e481652ddbf7fffa8bb8401d6f2b85ada4e2b50d91951491f1d97c4390d923cabc11c3b388c19308ef5f9433deb579fb46fbe6ecc07a6df5964c18205bd7d54d3b972c259146c0356b3e9761343380c0f56b157045a0c435d39c9cc8e4ad75fb74ae7c76648d75f4e959ecb9a25755cade49ab41887c7ae0502a959822b24bf81c45a9cc57e2b26412bd59e0b0efb19b320db20d36911499e5a273daf6b96cef7b54a87e671f7dba77a79cbca220e0e630550281327f913f2b7364c9dfbaba7ee6d615fbfbbb44aaecf4cd4d1d7cdfcc2bed98939e6e0ba5d228fb69b5d07875281428fc7e37d947c2510eacd4a7857c6582f899736484a95b091e36b25b3a8469fa3d774642594d4c2ee95f73105c8959eb97575755253437cfb93635082043994d8b46662797b1f64ba7bf76ed3790ad86bc714621acf9951499edb20ddaf6f91ded7b648e2e58d92d6ca125e8adadf754aed5d1d126eaf6cdb3079c1d0a3893e4fb24315d1a405f4f5334da5307a3017ef58b3eb47ab6f78ccf4f6d5f215ed43acfb3ed2f23fd21cf5acd82f6e16d9360edb651c0e2b50ded52056c832dc9393c8f6a4e4ea54212f894b764a5472aa98d9c7724d2faf11a9d1677629c12672121a637d7550e4a4496363633e6d06128b62bf59098611bc168265e6a7bd7bf78ebd0e4b1ad55c5d583247c4a4f7a226e979d314495cdc24a913ea243b5bf3b356e3bf332375b7b41b09ef576bb5c2152547ac0ec381fdce0c283a7fa936a8ea9b442e59bf27dcfe8deeefaddfaf658b8b0eb5b1defff8fd0b659ed7bc2addfa31da59fc1d1cca048aab2ac828b16e4e49dd8d6d12bfa35d2dd48ce42221c936879554e39278659374fecd74e9fce074495cd0285925ddb1d40e4bba589730b0441894724078562cd8271c3b1144f0b7c38d1c162a847a59b374fedd74e97e6fab24ce6b90f41135926bd08cd2784776a9557f4b9bd442aa7b547b558154c7529a388c1ff429373bd5e8dce7f7416a8cc815d3cf5fc2ae7e7b3924af76ae5f73d74bf5b3f6beec4d3d22b8d41c1cc61ab4ce17dd9892fa9f1d94dabb3a25d4e35b645a727371b584e6c524718912ec87a649d77ba67a6db0aad0c70ab094b02471d55aabde0a8418dc0f4af0bae035c17dc096a135fbf6ed1b531659ae3e2cc973eaa5f303d3a4f37d538d3b3f334b2b3ef4e920eaaa6ec2fbd2527b5bbbd4deda2e1148b54a70e43ab961bf951181e2f3e4a19ec1fbd7ec7ca5bf6b9077056f7da3fc55c7e2dc99a6903fd121f2ab3d6ed62587b241a1c5151c6cefab3850c25d59896c4f4bb62962c894e9c50cd8a8b2ceb5e879b584d2cbe2c6f5884b31dcad378e017d0ab9b2187c4343433e7d0a153de783520c85e73926ec1d3b768c99f98071ed668e8c4bef152dd27de514499d5427b9294aa8c12134e4a71269ddafdba5ee974aaa3b3355d53d58f274ec1ad39dba1cc63e16c445cef7a67dd8bb754f43f7759bbe690e14c662d58f3ab4e394e434df5e15d9d8eb8dd57170180646c51a508326ba2ea996eb0189ffa14b42345f04a1253babe49a3ca54ebaffb255baae9e268933eaccb97c393f4c207d187e83721f8c388782bd17a1120308178bf5b05b64f4f49d1d95c4c5cdd2f9e1e9d2fd9629923e4a2b396ab9f6497fcdb6f07e25d53b3a8c8b9fca92ed6d5969902656dc64190e23c6536ab1fa4575cfd1c9995aaef21e60b373db13b7d5cd6a98e6f506a65033b3c461fe2e1dc627505a584d41040900a918b4f2175da3e4fa1325d7fb955c7b8a145a55f00cd3e97d45a3747d7486f4fc458bb1640f77db2b13364082a407d6bdb5f08bc960bf21f677ac54c2240f0e2772f190a44ea895ae774d95ce0fb44af2cc7ac94ed10a4d619a6b34c30733527b67a7d4fda2b2a45a58e6ac0048d5755c721831987da9d3f37a449be235bfbaf7570bcd81c214f51f3f7b6773b63d631a5f1933682c56078761c22af6628a0d81042a85504ac9755d426a6fef90f0ce812734c11d9c3ab246badf34453a3fa8d6ebb90d92658ce461b25e51ee58965442488f68343aa0409cc17d2b4152253c86d714566a4615ca9d7418a3735287a671cf6bb412332fe6cd9e540c74465b9754626d97c836cdbb2a932a02289f87bbf2e13001c0f86abf03532823753fddfabbe3cc81c268b85beb1f6adc973db8c09c6156892dc589d5164c07875251a8d8ac54945cd57235436c86d295f4209e1e353d51bb3ea0e4aa04607a0e0fa358dbf71809b05a996e10d8342914fb1c2bc57e87240ebb0b381692f49171537161f28ed4c975926b1ebae21252320d756a9c2bd4f464d3289866562c1ca93a540410eb018f58d3b974fcd6fa47bc75cc1546bbcd3a63414d66aa567d815a006695f4222856208305d6c101603d5156281b0329397bbe325072a957d2a4fd7428e8238df57a4cad74bd63aa11a648943267cde3fd46aaa06963ddb973a759ce6d2014a65b31219c3d7bf61cb6ce387450a22dbbebafd44abd728a64166a7a96d2133bece519f7570a0395372b80f472701831e8d7b1df6b52c8c5b4709dd8e88f57f589f5d28e334ec87f089bd55aed29fd0375b53f8742a0e06de7104bb0c5a452e49a5352340abaae8cb0b4e467e6c6a4f7f266e9fcd07449aea837843bda40c9d38bd7ba84cb15c0f09dc3b2249c26371e80de573549279dc35e56aff9a0712a351bf4d25c83568a1a75a702494f7a1496b142a13c3a6275a808f0ee6ef4bf3b2df3cb230b966af93225d9fcb77dd3d697b135701343385408c14a57312547fb20db11432b85b9a9caaee5ce17aca5dff41c3eab5ebade3dd59b5402255f24988ac47300d84e4720983ea508f762f1da8acca84193894e613d5a31614edfd44b6abd8a49b9c9a47947c72626fa1809480bdbde5c984688834355b0f6508536bb2f71dcfbbffd7ee33633c4fa68fab9b3d91a0466ed7770180e2054e6a81dcc5ab5326272d55b990022db5aa4d76929e0fefab0a4d462654289de2b9abdb00aa214ac24541af450a5e3112459983e8309648ab5ca2c4ba30a7a5a1f5123dd6f9dea0da339325e9aebb70872d1b019736c268a18010623552b006b75d42b210e13172f2a5ffaaa616b62cfb1bfad79e110b1ee5cd03d9badc11a47ac0e23074464db5a41314587a010e9edcafeb001b196e3822c0243ce8be3927cd334495d394db2736b4c78238a5719606e5fc8b5d88c4cc504303d22332c5593f40b413aa58e899bf6d4ded768258425dd469244aa864cde8d80582943b682564c820896490787118355e07cb44f4b4cdd7454c214b8f0ead5ab9bc2f3fcc6257ae63186d5c161844081d1eb35a8c48a293dc45a1bc3056b3461759ae9af1521dd89a52352978c4a3ca5a45d821e8d66c212cfc6243aa35672af9e26b9374c17991b97b0bf2645b5417a419276c6a462e91414ac5cdb363b2ad0b4cdd5aa657f529d74bf432dfbf3eb2bb326aede8f0bb9efcad0a583b428c55ab515bd51b7ee1d2636b6ebf767a7559d1a932fcffd8729ec869fdaf9fc34adefc5cc0f0c76756bb03a54002832dc6e5860ec17537656508a4cf1372272add1b0fcfd483624758998c4934a944a9886157c849574215e70e8ac875434233d7569e99e97939e2b9a25f9aee91239a241bf8e32bb0c0f135444e8254c9a154ba7a0304c87b55647cbfa8254932beaa4eb3dad9238bf51722c9b559880c34158492fae010d23eb4907ca8df578141300a192a685153d07871183b1d7db7c6394e2b6fec029ec86ffb8f5b1d9a16cae860343ac09d7fee05019a0c8823d8421ce8164b82e61559f125573279e89496da2466ad442cdaa89da134f492296964cf850798e64d5aa81547d1336a862d391ac11ee4dc5b2d23d3d2b3d17374aeaaa6912595c2f91be2b2c560d7462c2c55b2c8dac5061a16d15ab75346086d39ca696eabba69a35702b393cc6804e67c30892b4a0cc14a68f15ca12444a19c4b2b7edfe0e0e15c5d643c3531fddf9d4c96cc3f766fe3c2793cd386275a838506228334bae83293594a0b53eca45341b91daeeb092aa2a5a63a17ad6676f4d4a92bacd2959c2a59026445b8a6a857fd32d21b5ce1a2471e554c9ccaf91d0087bae9602c872fbf6edf9ca4831e032c65aad3af475cdaa34673748cf9ba778933e549a54c90c9aa04ac99400a888b1603c043a10286fa427a4ca702437ccc6a12a0810eb83f2dc096cc36be6ee9a9209331250d1a135e05e47ac0e95034a0db1440181165a165650967691f452612c92645a7a12bd92a851251a53120f7b5a1a720cee43b0e5807b535342923eaf59726f9f25d1458d128e0cc3675906781f2c562cd26269455ad2c909c2a8360ca99e592f5def9c2ac9d3eb079e9a702460e6a5ee2c53c2950c5b09b3cd07c5a4d05aa573988343551098a970cb9c36d311381c59de1cc92fe1642cd632ab8e0e0e8300e546871c882048ae03094a117265bf5464534aa60752920e65fbb87e470abe845e25eb9ea959e9bab04e3afea2c92cca3de20e3b43c0b6b5926641b2008c591d0d6b9585c7138cef65662ad6b4ad06a902ad1f840fa8de29634a43bc1a83b5ab229654b15249cfc13c000e0e23c2b6c04c854b6bc35af642e163a20be7e6db3776264d0dd2c1a192c062b0edad283c6420a014ad35c27e496022fe9de9b2ac9ec1c053c359efd9e948467a6a53d23d2d231dafaa97ceb7b5487a697cc4e32e8702e44907a5605a61756ddebcb9ba24a1af85a5ca2205b87fd32728a9d2b9a84a0825b212d9a579972c4def58af06db81409a9146544c20d6d1b0ee1d263198d6d0af18d6d7d4d53ffdf4d3f5e1c68e9afc523766191c07870a0345471b57b956eb60ca3388909260ed5e919aeeca98927c22b88183aee39c724b764a587a2f6e329d78d28bab6bb94208bb76ed3215120bda56abdd012717f77aff9a365516251fe6c40f25418b42b85d89758f2a26a6871b02940dda5587b25641905ca9d03938540d4cc6cf1cfb8a583ad2f8d8a6e71ac389b69e45e60c70c4ea50254010b884add50a8a29452b28cfdadada92c835ac6656eca02ad3f654d9eda8e582155be8d0d4f3a616c9cc8fe94bf83f5401b4b3da09fab15621da6a5aab661dd5136bcd6c4aa96aba7f7db02a51786b52420755310d916d94092a5bb69960280190aa6b5b75a83a2056df62cd25b38d8f76ffb931bcbb77df627306e00a7670a802205306e743b0586396605182c176440432658b7552575767f607036493dcde25d9cda3306b98eaec6c53447a2f6c949e37b44876d608671e1a04bc17934058eb954e4d55835aa6e997d479a4ca82045574ff5ad06929b63a21e17d835b949411ca02152dca4290400b05906e94af60a7390787aac158ac5e394b65528d4f77af6b0cef0c1ff0d66105ce6275a822b020b0c0507883b5b7a2202dc9a25011ab348bc184d19696e833bd12b2b3a05413906b6b547a2f6992eecb9b25cbbaa35500efc51aabdbb66d33cbc241b05541444975618d74bfb1c5f4021e0d52c5420defd03c7b6ee83ca31c40aa78316cb92826c096292a716e9625875141c062edcd251b9e69ded0104eb586bc5997c01e47ac0ed505166b21b9024b9c4102651feb15a53a5467263abfc4ffd425d1355a86fb7375e5a17a9cd55d7a5fd722bd97357b4b9f5501a4d7ba75ebf20ba2571cbcc7bc9874bfa94512e78eded279745a8a3dd52db1e71283e617f98fd7c256ae06120b2c54dcbf74fe72d6aac3a880d90a7d62cdd686c2bdf3235acd9b72885765b7235687ea03cb0be587056b8915607514539a28d586860663b10c080d26b23925b5b7b64b985e7aa341ae6ae965e644a5e70a48a9a16aa414ac80541a99992cfdd624898b9a2a374de150a017b756806affd82de1f681ddc09487fafa7a43acc5ca8515d20612a53c5111a16d9a3473701815b0e0b9df79496a42129ddb100ab36300eb96d8e5ddc16124b02e617ab85acb15a0248722d7c13a33e1528cffb1536a7fdb21e1ce51b25620d72535d2f3fa16499d506b8ec705349ab9c688242e6c94de57374b76da2891aa660bc36b6a6f6b97e8b3bdcaecfef90290e7782a6c1b7b6179b01224552a6bf49ca64c39388c1ae8d1cee44a201c9297d42c9972a88adde66a780ea307c814779dedd054e8162e26f408b5d64b51e8ed91bd69a9fb45bb21d8d0284d7642ef5948b59b719fa3308144256026d53fbdceb8b23373abdbbb390fcd8eb0e64fedaf3ba4f6ee4e09770cac7370fd0f45aac0922a3dceb154d956cbba77701810fb0ef57f58da3d7b41805847c97de6e0e0038508b932c6d5ba86519428c6628a14258bb2c592e1b8285457473727a5f6c6b6d125d7bab0a44ea955cbb5d9b857c734347aaca9da7d654bd5c7e3e601a9ee5352fd4d87d4ddd636a8bb1e52c53b3158bb2a28b454d93a5275382c38e05bac8a705b66eea14faafdd00f0e0ea305dc76902b9646b0dd752005493b6b6363e3e096ab9269cdaa5ea9fff14189ff41c99576bc6aeb5b8d4ab6252ac90b1b25c9b26a0d63d46cd57866e6d5980e57a953ea46a707b0267f78674aea6e6a93fa5fb64964abd6ee8b78eac94f48b5a9a9c9549e06822d1f7839f076d0a4c0d691aac361c3fe43166b4f5b57c0623d08b1ba82e930fa80502db942b4582200458b955a285832cdcdcd43926b4cc9b5e15bfba40e65be53cb77b55b3bf46b4acfa53350b3244fad13296de2a8d1832655ae3922bd2f6f94c4850d66eac2aa42d5091e83e80b9a0f3f3a28f5d7693e6c4e16255540a5897c85548be53b62f31b52a5acd09440d971a4ea70588107c6c7dedeb600b1d2f8eacaa6c361024a92091020d942722d2628612c1b487640d0fb745352eaaf6f33041b7fb85bc2fbab6cbd322674a95a844aaea6ed722c19ae6a9d26d54aedbdb851b253abebae0e69da47b6a5247e6787347e739fd4ded16e5cc103556ee89486fbd7926ab13cb7962a5e0dca08962ac3906c597170386c3878c862edc874b446e41f8ef8a439fa7387c8eff69b5d0787c301db8109b244d122032959c4f61066f8ce80ca554fd34338ba2925b117121266fabcb02a69b5d6cc947d1a4ec53bee444386b818ab195d9f9450cf18a8b16a52b17840f73ba79a89f59969a9e2c042855077a6a5e6a16ea9bbaddd4894d99506e9a54d5ee27da0a2449e16e63302281f76a8169530da5539e7e070d8714c83c825d3cc6eedd65cef21627db04de4de2a0d42777028115823284bdada2ca90e46ae766c2b16cc60ee40143e1613e48a8b38ba3925a16eb580187b8a4b54c3f22ef43623828641afdbecf48844b7a525ba619426ad18081a1f86d398f1b6173755b6fd97f7326baae624f66242e2f77449dd4d4aa8b77748eca91ee321186cd521f2102bb5a5a5c5e47961fe22d64aa51d95e60248154bd591aac398c1d23a91d74c37bbd9f5dde143c4fa8012eb03de84df0e0e870b568906c9d54a31a5cb79db7b146b6630723516555209f640c6905dec7925d9679564759f5556f88d89e13564c9b12cdc48f80772ad8f18abd8848f0bfa30810e4ac9973648cf95532433d2b98d49432a299a5ee13d9a8eeb92c6c50e913236357e7f9749573c03a121666024cfb054a74c993224a962a5d29eca148fb4a93af7afc398c2c25a91d7cf34bbe9fd895848769feb69a2cf6e12f9ca66f3e138381c6ea054997567dab469a6ed8d31ac96688b01458bd2c59a29d992816034b85c43c4ccf78bfb36b33026e92535669b9d11956c6b443253952099b250e39427a5c26d31e8b704c1d079aafefb07069d65a86ad068a797c4a5f3ea56495cd068dcd40322f8eddb7ddd86d25ae98048b57280d5cf040f11ad2c4437a64c3b6aa84dcf53314928d995c877e4af25d581dac9c95348152b95f654f2b7dacbe639380c0b2f6d11b9f9046f7f6db7aa054bac9fdc20f28dad66d7c1612c00e50ba9b6b6b6e63bb6045dc48580504764d140b25ad7346daff5b872a3929ea3e43a272699194abe5394607dc9b6a834858d2b19b72f63438b229b33565de357f79a76c75217f4ae148863ef1ba748d73ba698f7290aa29454e2ecc1a5eb93a892a521cc8310aa12e9eeb4849544693f35d66842afe55d98237518af04a992af54988ac1922a639ca92cd999ba1ca93a8c499ca895d6bb4ef6f6772602c4fa2feb45bebdcdec3a388c2560b9a284edf8552c9cc1c81562856047d40647d07472828b221ed99a0e4f0d76eb932a24ac925572cdd5e96fb51ceb3ef7d141080b51c927f64cafc4efeb9250d7e8ba30b3d3a2d2fbaa4633239459aa1657376498d257540b9369204de72a88d20ae7349e760be19ab950b997e9db46f00ad6529d3a756a7e6dd54240aae49d2555da53d93a527518b338b641e4de53bcfd3da900b1fec38b223fdc61761d1cc61a50c2902b3d47215adb737820c58c853362722d847d54e1969d881a6e90281d952162b6c44d8d59731ded926dca4810d36802d2570bdbc401424494a0426c890b049bb73aedd6dbcd23b83f029057e49d25d562b0a46a875feddfbfdf8d537518fb585c27f2c80a6fbf33633e7b0faedc3a8c61d8554b20cce04412286bacd7a0d05398b63b261be0b862e01b412c41c1d946f4241d9f70a376a81ca42d52656f5ac2b85077a9d07969b44915d059cbc6618fca3e2f2ec4d1c4b5575f0462256ebc8b7d37a26aa542c0950fa962b106f3cb568e82a44a1e339cc691aac3b840b088faf5690ffe0ae80e0e6315f4fa855851b6b4b7d15314458ce245390785b6589438c338ec901c87c303f203329d3e7dbad916e615f96709d5f6fe75ee5f87718574803f635ad9f777bd5aab83c31807ca17f72082ab17253cd00411102ae48afbb8a296ab43c98038b15471e3db5995103b0108b09d94ecf484902a15a86279eae0302611ec9458a365dcdf75701837b096ab6d7fc37a85706d7b6ad01ab2966bc5ddc20e25c1b68dd3f18c8a0e429e582f027919ecf98bfb1762856c1d1cc62b9ca6711897c09ac162b58a987deb1a0690aab58ee8e8c47858da5d9d5b787440fae3f69d3973a621556ba1165aa9e41b844a1ed2868ed5ea2c5587f10e47ac0ee316b4bfd1c905cbb5905c6ddb9c25584bae58ae56b93b54079654695365fc31e9cd3904148e4fb56e7d5b29727018ef3844ac358e631dc61f20507a0c5bab07d7304abbd02d6cc975c68c19c67275e45a79d8b486544967eb7eb7e7b144c92bac524ba86cc92f67a53a8c6b30e7b8454f70b84dc4ab4d3a388c47d0c60aa9a2a8b17e50d676ee60abd851f2b4ef6149d1ee7758dcc2a3f9998df2274d1a63a1ce9e3ddbb87f496f0450d1c19b40de40a88e541d2614b4ece7a1c5f910b10e3687a883c338002e46c8957657dc8c28720897f310ac25592c57c8954e4da349ae4c97c8640d4c8758b5ef4d836536a8ec54e63fd6e754a0c24c9a0d0508d492aa75ff024893f4c7656ff3068154c91febb2777018d76096358b742e40acc11f1c1cc6292cb9d211067245a1e37ee43c5693b58e2054dc95a36ab9ead796595223bd57344b72459d5956ceccd4542140dc2cae9e3cab5e7a5fde28d9191a78b6bac405e9d2f3978acabc79f3cccc4a9c43204dbc069654c913db16ce790787098378803f13d900b1c675d771abc30400e4192457daf420d7c24e4dd62d4ca7a6d12057b308f88eb464ebc3d2f59e56e97aef34e93dbf5132b36323eb46a8166a669112f6ab9ba5f3fd1ae6a5cd12dd9591d88e8c7ed223ffa807b32a49437afece9a352b3ff72f421e90dea43bc3a1ac8b1e9275ae5f870987da400d5989f5d07aac8fb4798b9d3b384c004006d6520dc2b6fb2110002e4b3adba0ecb9beaa4a5ff929d49b33530a62b9269454d32fa995cc113566793a33493e03cd350a662edf81a05cc91aabb92951491f1597c4458dd2fb9a66e97d45a34853581a7edd25f13f7589f45497c04843dce9544ed8b70892aaedf94b45c7b97e1d262c8eac13b96a96b7bf231120d6273a44ee770b9d3b4c1ca0c4ed3479d6928200b04eed10108ed9a75d90ebe94c5355e5af5cc764fc2cb69e5e5c23a9e39558951cd327d6494a49363b0feb55e3c58a321908361017e52e56d6c9ce8e1a776fcf152dd2fbda66495ed024d9a3eaf4b6b059fbb5f68e7691eeea0e5d21ed70fb62a962b502d20d81544977ac534895365548b6aae9eae0703871bc566aaf9861766b366592878875a5d6707f7fc0ec3a384c2458ebc99228c46ac99573f6bc9dc7b6ea24a0419b85c1bb948416c5cc3aa92c4397991593ccd2b8a44ea893f472b56259fb95b61b8d13166dfab83a63e5f6bebe4552af6896dc710d129d512b359198d4f668e5e0fe84c4afd76f785f75db2f4923d28a36557aff024ba87808ec6c4ab87ef7ecd963f61d1c2634588ff5d5d3cd6ecbb6e8c143c4fa42b7c89dfbccae83c34403ee492c5748d44ea917b45a01c758611c4310856ee44a82a5dacc0a386a99a697d448cef4e05582aaf54814f770eab85acf55bc3c2e89b31aa4f7554d923cbbc12c51156fa8957848df83f5e958c16665b7d4fd68bfc806b5b8abd461c9563e189f4aef5fc6039356902ae94b7a61a9d2a66d49957d0787098fd39b455ed16a76e76f6dda72a861a45e775de72587090c14bf9d02d1ce2f0c21400c96606d679cb973e75677f27eacd6b68cc4efe994da3b3a247c3040e2b4a142b0b3a2927a499df428a1d28e9a56828574cde2ea1adf502e2419fd97dca4f7ff64976456754836b8ca468540da40aa4ca24f472f2c55560d02a49db556a9b890ae741adbbe7dbbd9e7370787098f86439d97ea23b51d87b4468b9b43d561e20337e58e1d3b64dbb66dc6aa820c20054b009008d62cd6d882050bf256595500b91ec848ed6f3aa4f67625c7f622a4c8a3190ac7b857bfe29b8ea8f55dc3e4177a7a5d52ea7eb05fa28f774bae0aa40a4813c6fe52e1a0a31204cb3940da055dbfbb77ef969d3b77ba8e4a0e930b530ff1676bb4656701b1fa5fae83c30406562a33ff6cdab4c974aea1930de4102458c8940e4df3e7cf37565ad5c855b930b225257537b74bfcb74aae1d2592a35e16de9592da9bdaa4e6c16e090597adaa002c71b2b5eda9906ab0a312e9457b34ee5e7afd42aab87f39efe030a9d0ea7d17604a5dcb5667b13a4c4a400c90c1962d5b8ca585c505b95ad730b0a4825b18d767b5c895f6d6e846b53c9524634ff6482831344986d4d2adb9ab4322f77748a8b7f296aa4d03c6a642aa4ca4117c7fd209573ae9c6909a5dbb7619173be71d1c261da61d22d69a297505c4ea0c56874904c8038bf5c5175f34ee61da04210ada622d4158725db4685175279248e524f64242ea7f72506a9eec15c90c40ae7a3a7c302b75b7b74be4e6bd92d9571d972b244a8fdf850b179ab1aa1c93160816a925552a279b376f76a4ea30b9117005774e4d29b1da6fb2d911abc3e404aee08d1b371aeb1582c002c3c509c15ad2a25d9136d73973e618173104536984d22275cfa464caf59d125b953064db07906a6756e2f77448fc170724bdabb72a6486bb974a04ef6b2d55de97b408b6a99256ebd7af779d941c1c02aee027a31bb685f303c9e920d1189896c9c1611201c2c06ac5fab2eb83d201c792abb55c21d6238e38c2f418ae34b9f29c6c774ac28f764addcf0e9a8e494ce86d11eace4acd23dd5277639b84b7e96f55203348957784548396aa899beffea522427b2a95112a200e0e931af4d2b7cbc6e9f7bafde0b6deb0ec0f0c269f55e3ef38384c3e401c586158ae10076ecea06b1882a1772c84b378f1e2ea916b475ae2f77549fd4f0e4874ad12a81aa5906afce16ea9fffe7e893daf645685fe41bc1b9db5103b9ed7926ab0a312e943c72fd2c6c161d283a136519f5813fab16ee991707367fcd03c86331db13a4c6e40229007e33083e40ab158b72b6443fb23966b298ba6974dbe1a877067c623d7eb0e4aecd95ed3f3b78efdd5875cc4952275c2c1d50da132f143f07d78675cbf902aedd16bd6ac91ad5bb71acbd5c1c14151afdf8bbf3a5c2c1d4ecedadd920ccf0ab56e316780b3581d1c0cb9421cb886e9ed4a9bab750b43b008d760b162b9d26b1637f14044c7b565436f091fcc48edef3b65ca17f749f3ffaaa5fa945a888176d761855b0048941ecf7452c2058c2b98f74008df5aaa58f2ebd6ad33136cd80a86838383c258acdeb71f0fd5749d945adc159ed63075bd39031cb13a38e4019142ac102c962b6d8b41828560ec7094e5cb979764bd9605e5cdda445416ee9d2a5377c6255c612311572f6bd22e5dbad458aab6c7b325542a1758efcca4b476ed5a43ae9520730787098500b146a3b1ce15d1659de1504bcd6673063857b083431f5872b5e35db1deec78572b900d3d85ed4a2f9572d1427c101e437d703b6315570a9028162a61e3d6e659a09054e9a0f4c20b2f987777a4eae0500410abef0acec5a4f3d459c7758677d71f3c44ac731cb13a38140272c56ac372c52d4c9b2b046b5dc2003265ca3f5cc31055252c578894d98e080b6b984e5323256deec7cab6a4ca332ca95249a0d280550e9132bed7765272a4eae03000184de3136b6f34d9f1ba8b5ed711de7060eb7eb1ab614c8fe52f7070703804c81562ddb06143becd1512825c0184050162611e79e4918664873b990424460f5d5ccc84810b1a0b128b989565864baedc477b2ad62fa40ac18220a162a5d24989f654e653b6efe7e0e0300068420d7bdf64625f4f52bfb364b8f6f9643a94f6a789685445103f3419938383c32140328c71655204da1bb15a212508cb0e4d618b75b964c9123316d492d750e05edcc810a95d4586b070c33efef8e3f2e4934f9a6742dc58c45c8b946a191316d62fa4cf148d103720fe9036e44d3b326e6f489589f4f9cdc1c16108cc3ff48dc75e4c9af1ab910b5f73f1fc8d8bdbaecc4624229d5a3bbd61b7488ffba01c1c0602848aab14408290210467c9957d48cf2eadc6cc4496a42cf9426cb861d9229025a4c93d760c29435bb01ab190213d7ae4d213996b10664582b8b170791efbc485638467d9e741d47452b2162fbf6385f32e840f6933c488093238e67707078712f096d922c73698dd139f9bf5fb9d37bd705be46d6f7e6bc39f8e58f7ce4c385bc382c972fd2e910ee7fe719878b02463f747024809b28398e8b86449d56e1108d6aee90a5141c29029c4692762a0572ea48795cbef0097acb58a8304c73339c7f32048c28190697bc5f58cab987d9e0bc142b43c8f3840aa6c2d088bb653de012b1c3737562a2e6107078732f0feb96ab57adfeeebb79df9fdc76eb8efd1d0c34f3f3cff9cd91f7f3a1dcab44a9712eacb9f1459ef665471985880e8aa6585d94e4bd6dab496a32571480ce1f996d0f99d7dce43ce901c563004474729da3a0702d629848c40b09027a4cc732155ac639e65df97786015f33c7e833c71fdd296cab39808837de7fa757018069e3c5d649ee70efeee860f9dfdde33fee2a1907e7ce1d0d673b64b3c3ccbb4b4beea29913f77988b1c1c1c86068485c5c9240b589f589141177121203c08d5121cae57ac462cc6422b7520f04c881452e7d958a33c1762874479aeb59e2d08976742e2b895694f85549debd7c16198a8d5caf386b34522fa9da5727279fb59cdb71ef3858eb07e785959dbed5dc4377864e5c6ca39384c06404a76babfe0faae90a71d926389cb5a8cb87bb98785c1e9694c87a1524915701d61d006cb58534819b2b4cfe6193c1bb1162cfb9ca7cd97e7daf6db529fe9e0e0508045ca977e8f60d995945b9fb93fcdaea94e1fffda332ed9bdb06709fbf262afc87d87a60f767070280d10296d96101516abb5182d7115ba61e92c0411e38ee5dee180b07125db2139d6420d5aaac0922a2e664898365c88d9c1c1610438a345e4b5338c513a6f57cbc6596b6abfbeffce1733a611e8e496a3ff642e02c7d4fb3b0e0e0ee50202832cb122b140b120213dac48480de2c5fdfafcf3cf1b4b1582ad84c508b9628562f932493efb58a33c1b0245783e240ea972bd8383c3088187d7afc34e6f9abafaad279c617afe1a62cd2c8a3ec0d6e0e886fc850e0e0ee50372c5cd0a81d18e49fb2902a132e7eeca952b0df16141561258c49027436698358938e01e86e0793e44be7af56a43b60e0e0e15c0f24386e8c1e9a9673e79fe270db11a0aadf9f319cb9253236bcc9c87f40c5ef198c83ed7eddec16124c01d4b8f5d7a0bb30fc9e1ae1dad364d5cd1746aa2e7b0753f43fa0e0e0e150093295d779cc83953b436addff4d6c4c7e4b4c7bec44fc6629df3426daabe23dac9be99a57f813726c7c1c161f880402134da34194683fb75b4481560c1e27ac6358cc5ea48d5c1a182a857fa9c1a33bb914c28b3f0c5a67ce72443ac6fc89edf39a5b679933943b7e1234a9b86cdc1c1616840a6a349a88538dccf77709890c0c3dbeacd071e09477a5f973977ad395018627df78957b6f73466bc75590db1ba21370e0e0e0e0e0e0382b9f55b3d8b3513c9f6bc65d9a5abcc81c210ebf1c71f9f3cb06daf67c6d2ea7a44adfe629a5f1d1c1c1c1c1c1c0ab14479d25fb426b3ad2773c61967ec33070aeface2f8d533374bce5fe56691dee0af88eee0e0e0e0e0e05080530ecdbdbd74e3d417fd5d833cb1bea3f1d2fb944a3d62c5621dde52920e0e0e0e0e0e131f271d22d6f35a57dce6ef1ae489f52fcfbdeaa15cca5ff19c09859b1db33a3838383838f4032ee0e3bca5e2446973c7e2eedf7b071ef2c43a63c68c8ed88b296f3a163a309d7a888d1d1c1c1c1c1c1c7c2cac15a9f3e833722093f9c3530fe6db57419e58c1a9e1e5f7f8bb222b9afd1d070707070707873ce88714f3e8b335dab2e92d7bcff0e681f0d1875823f3eaeef477bd8659d733d8c1c1c1c1c1a12f96d4e53bf8a6ea65fd95735ed56e0e7cf421d6c7b63cb32ed4ebb7b3ceaa1199e2da591d1c1c1c1c1cf2c0e0648e60dfeeec7861effe4b2fbdb4cfaa167d88f5e22dc7ecaacdd678ab9cb728a9cef006bf3a383838380c8cc265fa1c2630586c35b00adc255b8e7bdcdfcda30fb1fef5a2376ec8c564af398058e91dece0e0e0e03028dc94919308b54a9bc7fa3d8235dbdf7de41bfa0cb5017d88f5b2732f3bd0fbc2416f4d29fcc727369a5d07070707070707c509ca8bf598ad8acdbdf2c6df3db1c63b38843ec40a5ebd67c56ffc5d91974ef1771c1c1c1c1c1c1ce4fca9fe8eda9e1d47dc27d75edbcf5dd18f58cf7fc9193f62c0abc169cdf9b9101d1c1c1c1c1c263598e3c11a9c4a9391c54d3ff7f6faa21f6b7e76cdff6daad99e499a0306c0bec4f7253b38383838384c66b09acd4caf536fb8279b7d7ef573de72ab05e847ac6fa93935b93834e751ff50e46ce70e767070707070903935f9c5cdebc3b57bdfb3efc28de6a000fd88f56baffa5a727b4bc77d79e396a90ddd4a370e0e0e0e0e931dcbea451abd8e4b3dd9e49e734f3eb9cfaa3616fd8835140ae5a63c92de1aca48d69c585c7ba807948383838383c364c57953f21343ccfa736ce355c75fe5359b16a01fb1827f6d7ed7efc3e150af395858e78d699d44080ef67603bf1d1c1c1c1c4cc7a5f3fc1ec13991f7ccbaec9bde417f1425d6bfbaf41d6b339bbbd3e6a05e2f3965728d670d0ef676c4eae0e0e0e02047aa91e9775c920329f95ef4be87bd83fe284aacb883cfdd7fcc1dfea1c8aba6f93b0e0e0e0e0e0e93100cb3f117a659909cfeec294fcdec31073ed4208ba9d4a8848a122be85926df938c6fb99da501364d9e765667a53a38383838e44107de339b951cbcc383cdbdf7dff6be6ff52156058499c3301d90580f3ebe677b5d47c49b90bf5949f598c9339ed5cdfbe9e0e0e0e0900786e551dec4fb74ec9df348641d046a4e14c180c4fa9999efde5c531b7fce1cd469a06ede600787f1076ad841e18ba713464c85ad8383c3d0985923b2b4ceecea5793fc4ceb5ffdca1cf405446b1a6107fdb2ea6f39fda6eeb3e2af3307b7ec11f9eb1724ef1eae3650008bfc1ec92801a08f8e66c212c9e8b1fea56259c916ab34e8a990fecbe96f916c48a2290dccf78df37f3a9596ece61ec9b6a7ccb962c01d8ce51a0e87259bf5461ee5c13ab5974d1799ad895dcc6dcc2923457eab3478446f46e4979a3f9bbd8edc258381ceafd3f760eddd5216b5b79790e4db9322b7e933f70e9c862302c3bc5ead716b2db1477a87a6c18d1a9fad65a641b9200d4e681279c5549186129b47f6691a5dbf5b644fd19ef91ee6c645de3043649adf39a252e03ba21c126f889428d7e8c91addefd1727de77e917b0ee84751e1ef7aaae6db55b3bc6fa45c6cd03cbc6dafe92052719006af99a6d64783489c4429029b14954a123c605b132277ecd33250c63b11d7974df1e61218e9d4b2bc8b9501a13ff66a9978a04de489f621ae2d0292f3248deb592dde58cf72ef1f0c4cb3bb5dd3f0562d175dfaad8f363e304fe4da256637fe6c725fe2e58fa872ea8f5dbb7635ce9c39333140c9f270cd4d9fbbecda737eed2d89b35b95c28ac7bc84af3628445aa042ef9b27a1a31b2414f314584eff35666ba52e1737fb6de16e498452263f63aa31e2b91a8966c37a1c92ee7042526ab33765eb24aebfb685bb4c18b57a4d2a9194e86d07a5f34b2f48a64d33ab4801b0c46ab77dc024cc1f3b426b30aafc0b09c95e3a68ca56181d6991cf6f526251e55d4e61667aaeffd0c2f2327d1f5b79190cf69284af90bfa0cfa45c540310eba7978a9ca21f6a29a4dfa91fdb4f768a7c79b37fa24aa012f24f9af717b57acb470d05d2ea4faaa8fe65dde095107a1b7e4adf17455a694b728032c961684b52223fdd2db93bf7496657afe43215fabe21d67f5bac1510253148bc54a434b254e23fa765abcd1b985051906557ce14b97abec89c515a1613fd7140dfe58f07457eb043644d7769060aed7a6f9bad4a5de34a657e34d0a3dfd1cf77897c49bf23f2a254f08d9ed428f2577345ce5462adf4dc07102bba86b8fd58bf73bef7d102c5f7d7277a73e72b5ebbe6e4ffb8e59caffdab3928804facdd83befd07dff0be7537373cf4f16c4338626ae7d464cab58aca85926ae4d299127bff11527bdc14a9abadd33caa957844155a342c89785a6a743fcc7e4d46d26ab5d646e3d2146e904854e3180b4b4d54c953cfe7942c1ac375ba9f91ee9a943997886624a7cf6858da2a350b9b24f9e47ec9f9238b8280508b82d328d50b958c9ab5b053f80fb7806d5ae81ed6fc29a7bc25b4b0a25c4ed102430dd3583425080aef2625f1c73aca23f27240ad148fc54b9458698a28168fa05019e3635ed7e3d56cab012a1f6f542bec75aa985174117d260a6520a10c61a1dca8cae0f121d20aeb9177a022d1a424cb3b150bb31c3196aa5633d9e8b1f9678e3de18768638dc48ed54aec32b5e09454b3dbf4fbae84f58a52466718254b5af9711a4c881304f42b25d6a73aab53b608930ace39fafdb2deb4ea913ee5a82aa2cf68d034c095b8a4deab085346874a67ea384d7a1fbd51a7a3ff34ac6a0bde8c7d1abfbbb4e25c6a39e0bed35587505921bf5bb4fc16863b5ce19b335b8d57b386bb502bdc942d2a27e510ff48305fcbc947179a8a74b82797dd9bd8f7d1eeef6cd01a527f7ce10b5f88eab795d4d80e8cabaeba2a7342e7c2bbfd4391cb8b5abf9583666aede5f364cabb97c99423674863a85e6219fd38b580d5a4a3d2908e4b3813922cb56afd0b69ad2f925192d4f3d4003b72ddd29bd302abfbfc1656ddcc36a3d7e72824ba9fcbaaf240e239a979f90ca9ff7f474b644e9da778f8b07d0cd881890f65a63e8f0f45c3aba810c7e108f1c6e5566e2d915ae093aaf071b9150bb798a434e177ebf52bbbbcfbab053e1ab5a264af5618923c7708a142b1483f3a5cf4a558dfe582207173bd4ac3a742455dac583c8282b5ba4189fecf9ac643a5955e6a2a46b841937a501056086357d321ac3f23a6523454ba68990ad972ac9b62ad26693dd9d39a93def3ea25fd37f33ce508e18c14bcef4ecdbb764da862e56820a1d2b643bfe16a96ad762d2c2b95b8a9bc158b43a5856f9bf781b4b07a50d2ef98535a53c27a2d3f2f2a89e0292c1676a104f5c970847248f31b65bc14407a17a8a1f1e105debba18378d74a8989932f14629a4cdea495dbd7cfa8ca771eac785a91a3b5d2e9e75573a67eeba5eb4fd49a7271286fe82737c8701b8b8db57b6e302f0748b86acdc244afab2b674a480b5c7851bd56f2d422cda5e4a0744a5bae4b7548da906a38adc44a9b278a4da5261d316da8898c5aa419b546fdc215d26b73bacde9b7134d6b4dc3bfb736159398ded39d4d483a9293baf366c9d46f9f262d1f3a5ac2d34a5028149c697e1af8711852508aa548b17b4b11b287b6b9e1b4cfe1b2a3b2502cdc6242fb36856cae1279b58165d15da24241b00c5834e235fad1551ab4475faee11ea1e48df229f6fc4281dc50e2482968d3eb50f6dce78711528925c212ebd6f2dba3c7be680dd213c8d53eaf40c29a7c11ca7e56ef25df746b2a20fa33eec99c2a2b5cbfb9b4be100a6481be1bd6f8152a28cc9180324578b6025a247efd84eb4cd9d2ef100bb65ae0395426a99c042b22413171d26b2b21f6fb46486766b37bab12ebdf2ac1d21c3318a89cbca0e48a47a358d885127c56a114bbbe50281f58c9788b86024d21174f1379ef5c91e31a3dab92fb8b853b5c290c4fb3c594ab37cd1679a39653bc3c158025510caa4291b3d50af749bcb3b37ded0faffa72516b15681809958187db585cbceae8553599a837ec069398d9fd2b0d6a7257a8d27afb1ce95d1291dea8a620a4a81f3ed6a6b138b152fdc29ee5c3d004873c2149f6334ab68648517abac55ae5389dcd18abb7291597e6549d6eeb0cc12632496983b4633d7270615ada5e59279933b4700cf541e30244c99a3894205661544aac120a0a85af51e345812b07283fac305cadc5c21d48a85cf021b1ac6035412d958fa998922826a40379f34afdd87119550a90cca56aa99ea61f588dbe7bb167f7118d7750419bda7629f0af0fdc9f53c14363bd2ec6dba202e186ec750358ae1066269591ac5ac0d9a46e135af1d4fd9c5a3f3948c512b3b95e1f4f5aa32c17e877aeaf3922a09c716be36aed973e83086e63dcd2552d5bfe3b93d6bcf38062afa990d86f58ff0ca1d29e4e456d30703d1d9fc82f7bff70251887c1042387c9e6075385e88e0ba67a1e0e3a82413cdc5bea338a8a861b14a3cb8b0895932394f8ff42c9f522fdd687590934d6a88f3c8916824bd0273e2e79eeb8dfe97dc4ac28f4374acec0c36d2cfe7dc5df3e9bee481c3407b807fc06dc8a62b966e22b5571cdab959cbe88b14889ba4a381b9678266a5cc16965cd3426288ac5fcae89a11912d22d3d85bdadbe9cd6cce3e998b9a72bdb2bc9ac5abb5a73e7dace5c8f711767f5da94926e229b927458c399aeef763cb5ae21320902a30da1df473880040bc44052ecbee0076925af0c8a08e438bbcc9a3e1ff7624d7b2cbd62610e247c54b847785e35a18f321f5cb1380c247c09c7d089629ef7515402944f6ae6a457bf676a41ec2781df89bf9e2a097a69dffcd75750b209abd112d27212d28f03776e1f97ae4d1f9f4c839253d234449a50b104ca16b1d65a3eae7ebc298fba1971e251b1a16c1156fe192588fec912559af32b58312a06f2a4f03b232dad04cf972bc1708252788d6ddf1d0ad60ddc27bf0a45af2b26413d8314bba6506a559730bc24403cfd80a548a57caee613ef60c3275d83cf2b4bf43da8845a09a65d50f80de65aace5e455ad431a141068a180a2445a08f49c3fcc86b6f12b8ebff8bbdec1e0189258972f5f9e38e78525bff30fb596306bc4df5c3fe05ec605c47b6ac6523387046b52516949d51b4b13cbb32bdb23e98cd6bcfddfa91ba4941821c93a25d229c906a94dd5482a93d6dfa9e1679538d532cd76cac15ca7b467bb59eac758007d328a8249c696f262b84e896bf0fe5224ff011491a2d7ebb30aa55f4144fceba9e1e342d3a8950472fe042520dad328a8c5e265c557d479e1e399a5f755a22d6e30e8a3068cc340c2b528ac53d5ba7cf39cd214d760a06c5ea1659e1a32e95dec99562c6905857cf3986a68e865785a62bd21a9ed8a48ac2724d15e3deec6151c9668428f936189a44c270ac9d1fef648bbc8035aefbd7f0079a84d64a35a3c5d9a69c5e287e4df41af61cb7b961ae762a0727aaa56c0b15af3619721f461e0fe6a411f912ff3f699839531daca6992c01d6b05b20b0ad7d0363e5838fc1614be5bfd1b125c638846b703ea043fbc42093eab540178e606ebf5ce674585dcc429706fb9cf2a141bdf7c381a7ea1d877271253b40240392b822081164ac9a007b9af4296ef9cf9e8ef9efb857e50436390943b8486c553be6a0a0d38596b29a5f8dfcb8549302f31e96084614a2d1d82eccaf59a7656ac4b7e37ae30ddc6333125d790f4641292d163aeef55e23ca8d7ee5722ed56cb1402c64d6c5cc5a67016645661e11c2ad12113e3f6d07d73bf5e5f4c8a7d54e6d9250869cdc7dbad0fa0cd8daee508bd09e90c82d0c9034161627d5088b02071ab9702c807ab628a5a61e63d06117e0f0ae7cca4215a164a7cdcb0a0afe5c521903648309d8b09d7f0b1e10519499f0048f93cad119bf724cffdb0fbc443af1b289d10ca9cfe95023ad03194acb63726b16444e2bd1143a43c27a2453fd6ab04db13961a88f6805effbded229f7c5165ddc0f26f2a9f5deff5a234ee447d50a104dfc1a6df48409ae34ac4aac9a753198242e7fe723be39503f3defaaca26910102a1eebb57673f77e91dfee13f99dcadd881eff41e55e953f6a66508979b6cbebd5ccf76ec30d4a61d89cd34b878449437f5b28e61d02fb56772096ec83622a4f56f47aab9bac98386959c72b37d434b6946d23ba1f7ccf8a0a71ea2fe87abc9435b9a8d4c434ae1a654ba416651168313052e2dc29debebee3c11989eb6ebcea466235244a2ab94b2e3822ddd1987b635763bad528982d5ad0183e502940560c2a46c92b22d9b0d4e6625a9632d226dd5ab6d52a2591c840dde0128b6982729c9094f448527a7349b34dea5d58b0265149d781c416087bcc07f4822a9f470719b20289bc7286d706c43ec44787134372ba3da85b3eacfdaa05f7eb966eeb74c0e13c61321c08f05c2b9c2f3ca6c302bd755186f40864fbbc7eb49c7bba53e429ddb2ffacee6f536b84f099208178d00395780d05dc9af470a5fbbf4d8362128c9b15ce5392f970ffa40a85b4ab06b0c22fd1384292a68d40cfd9e70f163f84df50ccb8aa1ed138a234cac5524d1bac5ed35ecbf3358c62cfd2e4a6f921acfba6dcd9f33c738be6cf83fa7cac9a21106bac91f8f9b325335de36d758406c1ab333adb7ba990f7932ac9ccef764b8e5ec7568916139ecbf83fd290b630daa3f4d48082e2daa8dff7034a162514a3a238529f43bef13d177bc65002d8aed772cfb750695061a2d9e738ad30d9f420698b096474fb1e91af6c5412d534419850e31e9f587faf02c9dea564fb88ea0e5be6a8b872bf7da7a090a1fc46a599b0766a19190c94c333e840a361160bcf0a24c90429e806ca057a9a61783b5498d085b4dca1fa68976e291346f4982161e82bf406f102ec3fd6ee4d6e520c8c4d3e5d49870a10e03e2b263efe3bf63baf3b36bee6bc5e0782d70505f8fb61bd36aa7a3f9e8d495cf9a12e5b23357bf5078d677a7bf7c889b4103449d086ac15bd9a64b8ebd487e7fcd7c65f3eb3c1ff75509444ac6f3beecac41f4f587f54aa2e779af9aaf9f8981965b81f5e21e669413c5333899aae060db1d669e26161d233180b369f11aaacb29d694976f44a6f578fa43ab570a80597c39a33c4462151a14050d06cc3b6c9d0a0702e2096581f1b8c5835ac0bd582d14b4d777d6aa97fd48f0a72417ea369c207f77bfd587eaf1fda5decebf6492da05878b41bf151737fa1d8f7e3d95cff954d5e582865dc797cb4cc8662c815d1e73fa35b2a02b80291c7fd0f81b0868269d7d64a026dc6c174080a7129761e21ae10c746fd8021f76a803463820113477d5631a12c163b8fe89fe917806241c9705c2aa8adbe4949156bd52834c2d4f30512cee847978a18cf094d13e6e336b56afd5dcb5f08e5f590e60de43704e2d3ea25a7df41767a54ad5714b396f55cd6081e9c8c3e30c7be5e9b55a59cbd5b8995e14843bd1735794895b6e7c2f6b042e19bd9a4794ab9e39a72c1e746b962762a435a1a5eb9a27f261c3aedbca0154a8e2b09d280b4a0031efbbcb74d93c274213da8c8f2cd0d0588928af5494a82a632a8e76c38ec5be11d2923789bb07687245655f0a743ac1ad760388542450a32fc9aea8e3f68b8f7a9605153014097182b5bf591d54d1cb34fe580df6956a0796197c687b8ad521d3318b1d299cf7672b2ef8998f8e87f363f79572c64089c79102073c285ccd1d907751fa300e3808aa0e6094596deec70418d92687d262eb51069366a2ab0f4b5a1ef4cefae4e49debf4772c4b9d278c3ccfcca6ea1f6ec96cfce78c73fddf88d0a5aac7ffce31f73af7ed925cd2f1cb1e70a4dc4b021c01fed2ca9165e12a8e19da1c4ca0060cd83704e13538915856288954cd23f9341b8419560b20f1f90dc9f955420c247b5403cec13d0832a901cfb641eed35767a2d842823f6d80a1f101ff1e37adf6049c7f3513ab883203b2c490ae3260a8c2a390a0fcfe503b3ee5a0a10eef3a3031fb295c20f99e3351a26051ed79d71cff8c2efbae9239ca7566d5cc52a5c3314f810ced702738a7e18d4acedb3f3a26116c6ab9850d1609a3e3e40e25269d089e2e56af93064a3d8f30ba5589c21452a348c8d444a01ef75ee54b5baa87804ac2e0d1ff264e80a5e136ae574a233d910cae8164f891ef8c235351d21c9dcad160f8a6508c49ae3125ea1df412b653fa7594b673d9a3020532559c47c0b2aed29c9dca5153994d250e07d287bc7407643583da421ca8fca00fbe5828acce5b3bc6fdaa4919e2b5548b7fcbedecb549d5416f9362b09d203624582163c8f09c601e1d954a2a9c49602ca2ad625aed4e0fb939648306c88988a3916e460a013d8695a2e827957184f84b83eaf7185508ddb578f118c86a007c38a696e52211ee80ef417c6051509be69e23590a707625da1ef89770216e4322b1a645eec313a91893f982ce57e8d9f311854ace1f0709b841eef90c8ae94d44cab939ac63ad32c8265ca6c7a1925d2442e69f8002f653a97f69af7766b5965fc3771af24f495e473cbbc99d614173cbbf4c79f3fe75f6e3707254073aa34fccbd2bffa45647f56df42c178c9f334a32b0593f8fa9f5fbbc964d2d291ed9236954c46331cf2b0040349e176f9de36919feef06600c255c3396a67b8b0203c2cb91b94fcb1f228587a5bbe5da398103ecfd7bf01c16f588c7c68b87829b4835d6f8122b4ef801eb47109eee7cfe935b640560b74bec2bd04c913a77ea2d794227ce88b341c2cca6a40a3e23dab8c38150ae94ee50acb97a138a580211017e8f52847bd9f612d213899fcd2b2c4040d8c2d8554213b0890b81a52e5995cabdf39ed40a6f65dd0d3bcb02d280f3d0f19a3306806c142b5e7d1d1163c2eac75b9108a92679602ca36e968956da1d8bc37fbfe3de582382e57458b3222ea36cc7ec26f430869344f2ba3a5e659b9b095c7e033c9dfc26f9263ae2b151aacb9de7eef56382e764eff8604d7987bd8fa522cae264cdd8e04a40b6e60ace8c10c27e264f258b38a679b772e22fc06c9afd502fb0bd5c7cfa9eec480794ee519dd87c4d1d1aab373f7a9fefed90ea9bbbb4b62ed39496652caf7ddd296e954bba147eb054aa86aa5d2f994be335e9a6af8834473d86035b7e55e5fa270772ebb779efc973928112513eb8a152b5267ed39f266ffd08c393535bf4a80cc2471fcc422e118679a2d245512914ca296c5b1fef593202818b886838aa39fe8355813eceba66a206cfffdccb3068a53b50a4a104c636887ca049f6d956cb1b8057fb3bf134fdcf8d5e8cc06602af36cdd2f7c3e794659088ae99051287aadfec9916a9d9cdbeab9d30603ee67ace4f9fa4efa6c86bb447b954419f389074189359bca483aa919a5c79c8774238990447a9518cdb1779e71a2e96e6558ca2171f031605b907fdeb34f5561d9cb740b891beb58cb0fdf45a23361c6a59604c2e1d262f96885caa7a980aad86fab5c60fd1da9152dacb6609856f2cfb3795320c17ce4bb249c939a2ba7678230e9a1928f930aef5e9846e5a685a944eb364f74bed8b0835262f67961e8b6581841e11a74e92880a60adafd23fa9e35c988844d7a916f81f858e1372c56be9f2190e94d4bdb63dba5adbdddef949a0990688158ded04dc5f1f2a9f98ea03313cdab8f5fd9acac5f3a4a2656b0ae6ee70fc3bdd49715c72aa32f51a55a0990402613743f5f2803c2b9a0707d2989c935e67edde19ec28c31a2bff34636dc6a8060ed330613d2c0c6ab5a40472d50d2c0ca34cf0c483e1e05d2af661c10da928e55d2aa86f22319821f681fd1df068a6fa1700d84799e5aa147377969500c9ca743cbf1aacc7121fb846e867fe93fc6491327fd333dd3f92d84070a3280482d31719d0ac3bd725a0934b3819580649b9ac21a0eb32579e3b4f5591a66562dd34caf5ab03d6ac31ad130992cbd9c72c2b583e5a315ae21bd8683a96aa92ed5b240421296cd1f2b85cf1a4a506c7856aa315904e96bcb113258fccad10b5c4a5a13f660619adff49a52c2ce875744ec73ecb378af51805621cdb3e85bc0cc7766085846f3a9581c895b196998a3c20819dbfc09be5fa154e37de995ce422bbe9ee8dcd7fed84fdef6b512db023c0c5a62b5661d55518de4e15d5bce5d559faddd680e58ceab529345d884b319e12b26237d32c83f674a6f89b035c8c1840c3261ebb68ca0cb42fe43f6c5be4f9f735ca3c2b65a4059d12e32d850081b37fb7bf038781ec16507518f6458cb40d0e0fb3c2b28a686ec4bb1df0b85f4c7257cf18c81dd8bfc4ebb2a63f84cd9831495d47c57af81bf35df1ca74d39e572bd16b2e5772b9a8f4cd0e095d94318c8159c49a5a5a7a75752bd2943a0999eb464bbd34ace5a6bd7e31c6d8eb87f8d85a761f60d7670e82d5e5ae8ce50429a9713b60553f5e10931e5580318288f4c5b9f5e3450ded9f360b656de2b3d11094193273ca3b03c5bc99fd76b791fdd2d09fa6a9ed2f7c329141b2eef586ab884c9b50349306cae2d25cc11c2542cf5993148552b82f15454c955cbb54daf7e71542935625c66de99f751b16966c57c7381e3813c40c305e58d4505803ee7233b5ff303fd66cb7ac8a0c4aa81a555481683cfbce15f76b4accaac320758284c43585c47940f12c7162053307d09660ec23548a9e0dac2421d94fc79ffda6a21ef22f29f592c4ec173fa5715606142844c131d4c67238138f0e15b0bac50820a913463e50d5cc2d540feb9ecab182bd2df0f0ae7acbb31785dfe7a3f1c3a829cd9eab92d83a0967aae5ab4b88069d00cdeab4460dcbb1a3e2eaf506fd61b53aa3574eba2659a4c04e512497a5b267b400af3724057b086934ea52493805095a8bbf43a6b0907e383f02e03045314e41369d32f9c22429ccb0515363a0399f962f539f97cf325f86c7aedd3e98f8e7d03c5c15e4b67a8a55a11ac34f2df22891e88a79560192f273df47293d626fc02099eb3cf2f0526bc407c8a89d1215cabdb514024129188d287699a5092d5eaa02699be9889471129275e5c5a9886ec5b091e136e19419784b7cecacf413c6d6d74cfbfbfee1fef330765c0bbbb0cfcbfe83baf35850e30d765b9f3d31683a97de8b6a8f09b2fb60095833ca10d215c4366560b260ebc03db02b14a847d5308755b0dc025100bbdaf794e50792046f9f9428f417afcd2db38781e095ecb3e63f720d6b24bd31020eff2e913789edd0f0a3d1b19f6c330018efb5de78783e2a73734e960b995ed514d2227682d95d964ecb5be305f2fd3024a8ff2717b48ea9f4b49cd968c12acfeaea467a61d844855708d99051f749fc91dea3258c7fafc5241bc21529e67da1b6dfc8b88fe9506bdd07e3fc1fb83652f280c5dd3479705bc0073a9b015544afa883e93f76288163d9ad7750ffd8eacc5bc4c09bbd4894f4a053ac7a487ee177bae4d2bb66591957f0f696bb68348a93aa74f5c7d31e107c49cd36b869efedd0365de96ffe1804711a55ca00d9478183d5720f677fd2b09e6bbe71eddb7f7f6113d6f9f556e391d0a4c8af1dae9debe867d52cbd1ff51aeb50aca2eadf7b4ddfed4fc2d0d6bcd01bd4adfa2ec3e5210ed60c25190ac98c4f5854464aba74b86b9c786554482e7d9af0608d6c6ddc6c78a2940c163fff76ac0742ed1da3fbd826dc144cc07c0f3fd63140a5ded9f6af7bab1f7bb36708cd03b18e50729551224837d5e5082f1b0c20a324fb7896c55a59db75c8b895e3b5d2b011769b9a5d72fa06df01cb556991eadf07af242ff1853c7620ed1ed49c93eb25f7a7675482299f408177235436f9450c95fbddedca3249bc5d28d97e826e73edecd2af7c184b80d64f91682cb8857e1bb599772bfb0cd5da503058da56f7a51ebbe096300a1a2f642a7c8939a574f6bf9c2220fe6a315c241f467e311a9f4a2e4263d107d40fefbd3632bf978e8f952d319102ef7d8740c8653981658cb5c3f14f4522f7e7ab1d90e247a1d4d32b44b53d1a102cdb74e1b35151384be150c857af90c9133a6e62db361c1a455e0d9c5742ce778ff52ded3426fc987c77d887996bf6fceab98f0f598eb2b05c636d324a4a8eb8eb4b73fbfaf6c6b15949daa4ce9946b88fe209f502f6ff5587e243099c03620a640fa891714fd2b195c6b33c514ee02b1851e4141f23194137e39a02018c5a5cfe9f7811588fe5505f4b2f40b4dbe3dcdf6c0b4cf268ef4de5bd7a5b528b52a366055705eef31f12f22b84e5b55f9f93367550c1ab417278d1f964d500c290404525fd521a19b77e664879a92c5e28968190aab55155dd224b5e7cecdc566d44b68852a18e302d6e715b987e104aca254732027c907764bcfca7d924ea43d4b16d1f83024c7b431e936abf1a1e7702299929ede1ed5cb045c22288b41cb643029235853de8b85a1f1ed23a43765b51c60a52e54658ee2b66114868b508e1877fb8c122adf32656cbf56dc0af312c9e7b35ec78a374b54e141e09582fdfe874a0bb65c5b0e8c7ee17e8d7ffe3bf3c3cb8b5e839452368ceed0ed80c2ef7e388beb25f28e23a4e66f9649cd078f94d0d58b44decbfaaff345de364fe46ff4f81f964ae8f5b325c458765bb92c171a6f5658f296e9d463fb3e88797f5f38d6d7973acd430cb1524079e21e1316e107c4a69d0dbfdcb23a145ea97c56efd162a63bf5e2e7675cfdbc392813c3aaae5cf0ec91bf8f66c3aa711547eb07c5d44f230189681232908046f45ca1601d4d5772186ad88405e1e63344858f153727337e305b07933b3ca5b567c6bf32c944a533cac2c6c3be0785235840ec39aee1da6a8046f9192ac18f9267063f50d288c1e2cfaaf263061e9420c345ccc7cbf5fe3588fda0d947f93188bdd2bd83837937901007bd2ed495cde59eef08857eb039675cc3fa1ba4887bd674b0c844a5315b2b4d52278d350d5273cab450ec8a0522102be5cabe4fa1282184bb94389feb90cc13fb25d7a981122fff3796654bf6a424d19b30db74b74a6fda2cd5566a8f6003946c29ef6b45ff4a06e5dae4b56e0715bd86b0cb01eda00b540fc07c45c3f4856f0ff7af9d25870a103362998a9b4ae1fb5941d132c9c748acab2034482f3d343e846fe357f85c738e6bcd5da5416fe9736f50ecf7a6e5d15cc337cff54381e75bfd40b8a4974d33b3afe77d094523129a512bd9392a74263bb249adb01653c643a7b74ae488268936d64a2c16976874f81561867a65f57b30cd459aaf906c58e367fa1498770b88fe992643f4037d3cc8479a6420dac22c457fd0ac149c8fbd9f04c3d7e34ae96cac7b1651071ae4152f9cf4830b2eb880069fb231ac92fae337ffd7e3e1e77b94851424d2db679bdd1181c2630bd060822be36cad5530430d993314487cac51142d63a9f890210dacb19f6c13f9e646916f6d16b94ef7f9e82b9447fd6094a66e2974b6e0d9fd3ee7fc6bf4afe2a08725c34e8a3ddb885e83d0b964ad5a1360b3926b9b1e175e8392e063464722588c587d956c0bd3c7e59f379428f9e7bad0587adbce4428b4ba4ba26a65320d5a73ae5ea6841aa521e7adc5dbab966467a25b3aebd2d273444c724daa604cde0c20aabc72db7ba4f74fbb24dbc30945960fdf4f13557058a81988d4585c7ace2a3eae29e7c30f9681c1a49c305156e4bb21931284b42815a4f8b1cd9ee5134cb36282dbf77955c63c03f05da29ca9e816bbde0a0f99ad658b59b02a05744db167f5138d6b39699daf1ce97e304d91fc77c7fbfac7fa3724c80f5fe84a6a3accb1d567b0f53ac985bc094954cca22339155e926b73fa1b5e25157ab167f5f9f476672c6aa8542bb200dc9fa59279cb0e33fb513ca9df5a3aa615580d2fff9efe3b927ef4b47fad92d6bbb422fb66b59caf9ca3cca5bcf16a954b667a1d074fd472748eea762c69535ef541fe3b0d2a1a7c4570f9f4fc8881c8b66426d11afdb139180686a505e9297c79fdd91f3789062e9f919ffa69583089ef6f4d62b12d109b4928096a3f640a1945420c543628e4585d0fa9357af30e911f6e11f9e23a91af2b99deb05de431ad1b6cd1df714f9941fc7a7db5600b89a9ad1613fd0db2e23db9b6d280f0982589c4e259262ebe04f72104dcbf4cdd08986083ce26581bc48ddf51903d2add2a741662c20ec895b64a6a9bfa888a408337cf84a0880ee95328d4d221781e6abd184a6ef13f774a53778dd464229256226defee9403ddedd2d1db25894442cfa9458982093e6300c9691a241ed829bd5bb5426681b230e4a9fbc58438b1256dcb81cd03ee1f4c209993b57279bc5a2383c94b542e50c5c53e6964ef2f8c6f5ef4d97c67a582ca2d3324598b7fa0b4a4fc60dd6cf21c5d79acebf4a6ff1c287f11d2b0561533e5b752658bfcb37123ce85f1b6e79072be47eea529c5dcabc7838a5ea37f438242aad7b2a2975d8fd74c489f0d9bad479ca5250d8fd312adafafff73c3083c4ca67f81ead6debb7648efde6ee94d272565da81354cf2ccea15b63c6c5adc23cfb3a67a93b55ca84476b1caab953f5eaffafcad4ab8e8749668245a41bd5f4c783efa09a369a46054c0ebfc512e1af411b5737ff8d63d2f2d6bec6a10c32256b06bc38e7b5b0ec695ad14b4b15ea2b58c91c0144444132b9898f67cf018d71099448793bfd0cc58d250dc7faf970af3096399fe562d54f6b1c6f8c8f56f54c1f3ccbbf98265133cb6efc8b69c1a72a9a002820b9d3218541e858a04a2dca8cacfc681783ea11510ac0aaeb3c48ad876694304ba1fd7672c6b2acd93500a34d8bc02b2e9e55b8466ce5e44b393e5a36ad53a35932af8e85db54fdaee5827ed1d1dd295e89194922bd6a4675106c4a67fe1792b4ceff66c9b649fd3b213cc17f64d9ae93585c27df96de09e5260ca807fff60427b3984f9dab983cbe52a67ea7782ab3e185ffb7ec1308de835c4a1544cd3cad40cad4cd978db708de8392b9491e7b5625238b7318a71b39637332940e1fd2a364c8ad4722d5b71d535958006e9297fe25d446cbc2d31940ac2ed1746e0d8ee1bd16b4ba9ccdb30f57e9a346a3251af235d266cdafecdbe926cd4df32717d241b325b733e7fce2362c4ec9b772be1f98380fe05d9fbf64afaf6ed92dd855b5f13cbbe9b4d3bbbcfa3d0dd54c26a341f990b9c72d9a07a838e56e8743a10b20085b9476f28963f9ce3bb644ef5dfeea9cc3cc13435b070bb42f54972eeaa9a3bafbaeaaa7272be0f86ad01ef7bd3cfb7f776f43e620e20b54bf5e32db5ddb310149c7c41d730cc760031d769c2924b4caecf2a1a57a13cb41644ada310284043a4bae5b6c3019e9b7fbf12a592205b8ed0ca071d08fac543236785427b500be9462db0c4d962a77e300cc1e077f4220a82ebb9c60a61b13d42ad0ada2a2a020dd0c44d0b2a8ac028065510463178bd70f9c765e9941f3f0b5558d9a70e480e8b08a59e7f4ffd0db11fbb157b3ef83bef8ab27862bf57862c48cfc2304cbaf8123c6fd3a914705d61b88309eee85264b0300be31bccdb52400f6bca55e13338b6694ebea0087103731c04a4b95a09d7ce24359060f1a07487dbd9a6108449bc8271cec73b205c13ac500d05dfbaec178e15fb0cb3d5eb4a099ae7ebb5ac70840b96f021c590effec5151c55c245622925da94b7ad8174e974a712b7db9492723a6aae659898a9b88c147c1b7805596c82b9dcedfb13345b23de3bf411de2b28a41de2bfaf27c1307ca152bf41bfcb5b77798b0e70fd48f17ab55671572bb482d0f95f8bffa1e409f78b61d8c48a3bf803eb2efaa626a2f7562c083bdc3963f389a9fb2691fd6d30f1f3098de8ef56a8ddcc5765feaa592257ccf1c753ea4738d6c03bf031998fb988a0d04c8d966b5574b762a08648177b6a8bf639c1e7918e6c21203a9604ad0a92920f077235d7e935bc4b101c1267c243c962190fbb641d829631b3fe228b19db1c3554aa4ad64c8694d5da72262319da37751fdddb07c4fbb73b45f6e83b5917a8154b8285e7adf01b6dcb0fee13d98b9fbb00a405a460ac7595c27445482baed34dc9b065c1863b5c298ccb6052781fdb52228d678239984161daf539d6b0b669f9a192520ceb5539a290fbdce34b300c2c1cbef54a7cdeb6bc0e25f67b2c157a8bd151c5c2426cfeb2256cdd0c099ecfb57a0f653d954e1b6192fab46ed369ef5c46b7f63893d16f43499379d7cdbec6c98c37d5b02062cea30f4291439560beb761836f81a6357a7ae3c932ef1710a33b347cc4184ffebe39d6df8a09ef6d75bee5002a6054d068da5b55a4a2361c40a8ef50ee001adc6bf6aef8c28a152b0ada2ccac388d4df57def4c9bbe7be58ffa239c05a655158dd940d9380be98028490e07ec2e7f7fddf48cc7c86a940ccd4644f51727f9d5aafc7aa153b5cebb95ad0287af1d6ad8db77d87422924ae91829e7874fe2073821f3871b005962d44f48216567e0b825a2d84cb7de67a3dc73d56b81e654cdb1203d4e7a9758cab67848844a3521f8e1b9797a99d6b34a8b1d34988c9ba99f62f47a725634deabb156b0e38a05af98eed223b7abcf7088a75351613a6dc7b51153e4a5f5fab1f48079b97830969a59b92c075c5c2188e04f3b954e19db76b3aadd132a08743828e84cd6a456a72154d432b28da6daaa70c611701d62ce5ce2a645ba60a05c54faff66176b8e9037d94a76f8a3cc78a8d4739df239706bf8bc27709e609bfe9df90b0dfa8de432f7386734196485a2b9429ad5ca6359d0db19a736c957c114838b04dea36e9ff860112a6d2eda3ac6161c5809ec9773af2e36cc5bcaffe80d872913f0e5c63f7f3c79ad79607b0545f54e28654190b3dd2f85a9c3755cc14bd8a8683d183bb3af7fddc1c8c00232256ade1645b1a9a3e6b1200b094dc5c2df8e5824444390613d566403033f2bf714f81e8cfa6fd65b12af5d768ede37c35ed2be536aa04885fbe5260f77d09ee5ba914c8e1596aadd296914f3f5f4cc1d5dfedf3a90dee2eb0ce8837ca609316e86ebdd0c68f73d6ca418261cd51ab828e4cc35080b6d6cc36ab8aa2bbbbdbcc9f9bee4949469fef91a94680f262c9c38afef503e7b62959fc4e3f46d6cab571c41ab2fb85c26f58e8852ee0204883e0f50309e95c0e4cda8eb2907f0c3f7b5cdff7375a09d9a9e93514c8a7b99acfcc8c64d36120a173c95ac87a90b4d8aac44b0742ca5161be229c272b666a59a67d79a4202ea6cc1608e961e36df6f51c79522a4cb8bab571266dd9b7df893d6f45ff8604ef6de2c43dfed684c337e0494ebf15083797d00bb4a2c2d286d1a45646f51dcc902f44df83e907593186ce4bf43b607eea11834f9659b72e9ea5dfbeefb5b4df07db8124f8fb40fb56fff39e783cfeb0d7eb905a4e656730a0a39869c99fe234db9d7ae4b357fcf5567330028c8858c1a52f9e744f6d3ab6d31ccc5565fa5225d772410706badde38224018dd2d7f3f9c455d1d3468a1d9b2d054785f4a143c5cb34b1b05e97377a2eabc38d40ad331fd7e0b12dfcb6025129300c864e1fa4814d3382b7fbc1b8e0fa845c0bbf76f28431870cbd318486705e05379d9f07a6d722e1d4d311413fb0c2f9784b80ad35b3c55d45ef5d567839d4614a85e7523e6c1c54ccd8d2814810e00e7e7c9fd7098bf0486b9453a1f01b613d7d40647f1117b005ef1c54960309cf2907846bef1b4a0a9f554c6c1c07122a4bb443dfb94de4514d1fca809e1e12e42d5e109a5d8a3db750e8d54be50e8b06972e4245d80a5987e56af3b698f05b8d864167a99180324639b569984f53fd2dbf1f9441ca5531f0adfbe5d208c5c8bab4118eed7b961234d7d86fd490a967b97a6da487c474ce5bdf25b99f6c92dc4f3749f437bba5e6be03127e609f641fde23f2ec41e339c875e93795c848a62be555524702ca012b46595d8b054c7cf2f1f5b785fb88d589f97dee5331ef1b109b4e2371550f84056a085eec77bcd578bc7ffd2bbe7e41e8029e382268891e191ebcf10f6d3ffcd38de7ef9f97586e5e9c45a27fe475162e1924f85655dc24305666702ca49e3289cab6d47d0442212c06ae131e5dfd2184c385056a4933ce134544340ac5be03c2aaf8b8c62a0114d9095ad9c16507289b568220ede9b549c725ab48ec35e67afdaf3926a1d63a7f1c9d7ed8fa31185145659654f3df837650e356dce513f170415a1dad71c7ad4cfad88fae98f0dbf36dde738b81fb3b5513616135695af04ec5c2316551ada7679458d92f06e2b5a4d9230a2ee9178e9eb48a82cae2c652dd561aee62554ef492b4610c24b84df76a3981fcdbb46c1793762b1a870e15bb251de88cc6fe536aa55289e07a0db664d08bf3d8a91e29725fbf3450a1d19b2d0b3ee0c558a40af8484d3764a9ee2fd52de9c83e9deb484fd2a05f3805fb9429f2a89cf80641decfd26f71ae3e73a8ef913ce49bc083510a28abcb5acc7028f39d64e913c0561f658e55f876345c438c6bb56c904783814e5bcc654d7f123f5ec1efcd5b6149854a023dac1fdd2fb97d09496ded94d48676c9aeeb90dc9a4ec9eaf79d7b41bf71863c319c0e4f02cd1d0395f3a14065fd24fd3ecf9be17912821e2a8234a2e7f2fb2a7e9c07dd2f14c0163dce30b30d9a1fc600a800fe7591c8299ab68ab9ebea37ffd5c5977cf8c66b6fb44f1d36b4148c0cd75e7bad5cfd89bf7bf281dc331fc8c555fbced442f0b466d6ba12dc4941988f45ef21c34d376c150a924d70b643eddb63bb0f19100eee09ba72334fa9d6d6cc35a309ca1bc48aeb8c38d9385336faed6bc4b1ae68e7aa04e84874b47ee828401311854d279e45dd8c0f9c82aa1f9f21263e180888da28fb35ba254f5a6bcdac2ef95e42369d0b04e5118dc524bcab576bc7297daafee3bdcb054aef283feea687ab9ecb8b3ec8ee937628873583102be01ac8884a97a9681484c9ada6c3d22eaf9c0c0414082411ec651d0cc70a9515c2db8c1b548f8702497484868bc5dfef7d0b648fbec71f776a054cdf79bd865f4c54a11a6b94ed8bfe717eab0a16a16316f12c07c41352a42d1dd20cc68ba082c708c0923196aabe1b04ca3b22b875a94860d1f6c98fc07e304cf62917db54b952b9180e88ff4cd509907d30fe85cf614bda40ac54764b01ca7f5993840cb11e9a3bfad07853cea964425243df814d5d92393044d8180847697a5b62056c6d1cad1057e269dbc883d7b0e5773c367b95c8e93b00410db7e24b1a62a9be62b63f44464f049f679f698efddf82df6ce16f41e9778dbfe5a1b4eb33a10b9de1466a6d331fc2ff53626d8a3225696e4972f6c7ff7bce358ff9bf8e089a532347db96f4fa85c99977f88722ef9ce315b07241263f7550e4e66dded849e31ad61445c75128109463e13e5b2bc163739dde0b49e00e7dcd5c919769ed8a8f9982319a3024168857d1b8da7dff9e918277a426492d1ab71f8a880fcb0a133cf8133d30c942e88846099f344dc2a7cd1459a1dbb36649e4659a97e7aabc4c3f2055a6b94252d56010c8947833b519f3e686235a589be2a62f136edd61758ce01e48df88ee93366c8dd8f381dff56f48508158a956da06553eb4e919d173488726c2d3be3b7428f0be363e6c8d702e2004439eea5fc920ef0bc32926e4271e18c21e54f43f2b46b1a9d8b2860c079024a4445930cd02888655aa98b85bd1f0108c36bb6f447fb3e99abf5685f4a953c5da328cbe1c41986f4db7c59e53b88f940a2ed5e430cb081a62f5c68fe60955c5b364350a59afa3d19008ea0e44e36ec23044adbf23265f75cb3b9502eeb1e567388048e9484665893082f1b3924f3f7d0efa06c389263fac74c6cad3bcc4f03e2c6774130207708fc91f7fcb7b59a1528cf57e91ea28487624b8a855cbb1578ee2e9d8f657ee3ce1b7e6a002d05419391efde99d99a5979e10db35bbf37255a46163b5fe6a8fd7216238a0ad855a225b6a27584db646a4e96eb6562850f9fd826d7e5f77e0032c1f0a03352c3293b634aea9367836c304b09c8d15ae0fed13bf80708c5585a53152906e587cd3945ca919921d844f01655fb79e4b97f3fa3b0a0b4b0ea53555ef615b5fe3d5beb13434ee74d53763e7b4d01b7716a2610585b059f83bb34f3f1e2c2bde6b3820cf976afca9185842609b17bdc60a4ae245b5de4ab162b81617ea3e152c9f4d9ad65b54d6aa0587fb9af23218b058e7ebc7cdaa355c6ae380687af4d987acb7ea338608d2c09493462f1ffabc6711c18d4b9cd91f6d4cd572b144f30525c7e383124c0ba4df393d81e4893ef05bfe5afb9b2fe6dae0759a5094851dc3740793ce8cbf9d6d3d48fe338ce86f41210f71e50fd6de1e443424d123a748a43eae8fd1f4e1591a4e98b0fc7d363c2ba3e530bb56cb2c2efac180c58abb9c72974f07effb336e609b3e101116eb860ae88ea1c0b7c9c20be835c0fbd96de13e71a353e4afd4607a582baecfe83bafd46f6d95ca6a255a9abd184283058d5711c307dd453e9bfcf6c3b0e1f16cd284f480ac290be582390fbe719496658f9c8f5d35ede69b5ef9df3f30071580865e197c6bd63f5e57bf37bccb1c3013d3fbd43ad4f71e36b0241e3f20f2eb1dde00725cc4d48028e8564c8dc6ee07cef791c035a43f4a1aebf512b5c24e993a7ad62bcf37a45324cee6bc15fff79182776a51929ca5055fc3339624a269c882dd666bd3469f6b49d25e1be61a963c53a2e27a2c8a30c7fe796361e8376c847dc49cf73a56f0c1e770f10dc7056ca1c199f420dfd13dc174b2568d3dcfb3f9f84a05ae5e5cb49b54b6aa2282fc0ee8c78fa22a05a49d8903c2be2fc4372f1a21d2b41c10aeb957f707133eddc0508951056dd4541089473e0d8ac840bff739afefdae75ce0d88a39b6e9a2429a525934cd1bc30461e4f38b7d15f33c3dcee7a57f5c46e725b521cdcc48c64ad5dbec72828600c95bdd32a6d40c9731939a94103697105f131f5f34bea6b72ff1e6dbb3e77986fe551d3c231827bbcfb6dfbe5e4ccf7cc895fb480b3c44782419de453bef73aae31f43df6f17f9b36eb1700bc3b25bd28339ea69df65cace60db6ea9605ee0859eb55ad311ea993f77f6c7cd418550b12f73c58a15a95353cbafc92bb7d710712dfc23018564b32abcdfec1479446b3a8c49c4dab05db0f91d21e30af7cd07c1be86539831287b86839cad71bc68b6d7bbb1dae44aadd2c6212f8178e645cf137ffd1b367817adf18566d69901e06696164d3aa6ffcb773a62abcf335be20674635c4b9ab49688ed476d3a4b107fe286e86f0c38b78b1c1b22d5dfbd41e81cebb5ad28bf111631d2c32a40abf0ecb1117d10658297a6263b5ae0913cdb48303e2a85f12c07e67d9182700a05521d8e42192978e6ec06cd73dd128fc2770fca50bfe7c5cfc3605a06dfb5f0986b434aaab4930e171a4cdfef514f049f9d7fa6ff5b89a0fcf7261266280bc35f886b560914123513995831fa4b6fe0bb1a0a7c9fc1f859b1f10cee6bb0a3067d5c501fe4b7f97dfddda66d299e24c0b5902c1e45abe7b376eb876b44afa55d9e05209881af1cb03eed1b66e6f5c5945ce3eda7edb972af39a8102a46ac062f24ef6ee8aa517b5f315dad95cb94b846faed6b1a1a972d33e0dca506310df3b80b2848f6c3605bb86f44afb199dc47f437f21977c342551290ebf16abd62cd560b3ccf163ac47c089c53b17137fb7a5eff46042a0eb813d55a356d3a4aaac645cb73081b178b15934148010ae360eef308d3133de14b7edfdec486f745f9d3416524c8a799eee7f3d5977c9a217acd48ace372c173ade20d0ad643f098b8911ea580eb060ab750489352c3ad2418ee42b3802dc3c584df50a4f43ea60d8d5eafece325a07907a1ad1bab04cf94695be31e15b6bc9fc9535f6c3e23f61c68d4caf170b39cf26ae36ac2d68052faada884932189f4aaa881652aa5e53c44c36549358689a5132949a9a459624ddf2dabefc91283ace1eba595beb76e86845e56343d82fb463430ae1d2d908685f10a1e07f5add16b2aa580f2602a5a85e1dbf054acce4187973baef938d5f967a9a5ab50432273ec63537e71ed05231f6213444589f5de37fd6053e8994e6fc5756a03ef9eab2f5d21b222a1190e72a75aaf8fedf77ab6d1d09dcfbc80e43340efeb23c1dffcdf89e794b8c8e9d3c42ca65c2d50e0fbc429108f609c6c611a09f49542b56aa9e2b253cbc2b879f5f9f98e0e8845fe9cfec7d6c6d3bf4869d3fb1f5235bfeb7f08f07eca136d9fefc65ca31199a7693a12cbcaa4896ef3ca680031711e25f0281b2ff20bb1f1b0c756026959124cb8250824a47fa30a2a2eb42db3b5f108e681217c15b60cdf7964875688b59efd2795077c61dfc876fd4de5219587f5ba4774fb987edb4f68e579dd415fb906c20e3e8f2de594cae370dde11a84f1cad0b4a17a24a4fa05a1b9230cb9aa445261a9494725122ba77248dcbc38da45f0f39e8d3e79ab97f29debee90e01aee316463c362abe708332f7a9dfd3647031a85fc3bf589877f2e789e6b4b855e6ef2d9e8c98098e7f962d30fe1fa52c148878f2ff2da5815b52b53dbaf8e5cf10b73504154945843a150ee5b53fedfdfe4571b60f0ed5bd41aac1448403a6d3090fd8fbbbdb1657c80f94426330613bda658e6e84f5e4f475cc2232081c14081377120be88eef3fca058c534d28f83dbe351c945225e5d9b637d24e468da510d890684f81805c6d613d34e6a3e644f41f45168baf1c253d1b81ae13a7d376676616207cf45acd73528b9d32b7b38e039266d7407b1f108c6c7ee43343c73b4609f8d8565acac02c99fe7e212cb149d81c8fb62e1150aef4ae7a9d1049550ac55dcc045e3e8971fc88476eb6e7d797bccea35bd9a999ceb52e9541dd1a126619b0ac34df6a9ece9d66fba4b64439b5aba7a9e30f379afcf47ec778234789debca4638ec3591642266b5983002999ae9f3f4774d5b53a6759b654b412f310bf365d6c495b8dbfdc01631cf51e1faa1c035f67a73af4686b8dab0f2a21772cd6881b26ae3d5277e2a9ae57d742dd7968afcfbea8e79c660e25f5f2a8ed78afea95a39043d59392abef0af47b28acd40a828b182b75e70f9de937a977e39ffb26f9da516618515001f2a0ddebfd69a2f03f9e9dd09c1da4cb46233d916ba4145afa120540b846ddc4d6cadf8cfa680d82d8a08f7d8081056051869f1dab74d8f5f0d1725c10c46661623eb72cbefeb356cedec46c491736cfdf81a57328a4e95236353739d2a66616fae57e177138ebf4538c7527274621a1608d70f3fa864add8f3f63714e06880c7e4cb952f36adf269e6c7a99caca472877b3ef85e0309e1ea665441534954bfe501dfd9dfe2f2dd3fcc1ebb0012dea9f7f7c9637de1e031fbc04c2a5126224aa2b535a2d46a3a16e57bc5fb1d8d0c71a940a869a6ff4b91d92582681985efc7d18a89b33ec8c6dd5442fc734301720986554ccc33b9d6bb6554c0b38ac583ad7d4f2be5c4cbbcafde60be31ff7e13ae1e732e28e51036b86a66de8bda94a87dfa9d7bce7ad01c5418152756b06ccbf49fd5a4221dde41fdf0a6391c0a2851c61bfe69afc81f769aa9ba4cbb4d6186e645ef29943e99a4d754b3506af05ee12f9082b884947c4d9bce082ce7786b9344a7359841e8b4e9d0addf5b87549f67c9540934a44682113d36bd7fbbf5baf6a4440ea625bc5dd37373bbc8a67609a905917b61bfe49edb2bb995fb24f7ec1ec93db3db9b5c8030ad144b77d214ab75b8ef134c23a45091e785070d3fcdca83c689fcb2efd8efdd352e76df5cee6f4b8579e72184d7a553c768020b91d5508ac507b1e5a05dcb450f99324c905e3bb5e24c0553f3d9b4739ab64fdde758855eed860067a80552ae3b38129628efa141908ede440e1ea9dab1a15e273e0d5fdfcb7c3b1c978a7cfeb15f2881df08b794490ec86653c655b8bcd87e5eca89e808c0638857febd7ce9171f15ce976bb19ab075a74ff81c1708d7e9a624ccd3f2fb56df83aaf7bc62f531dffdc8eb3e72d03b51595485586fb8e2ab7f5eb0a9c95bab159ff6278ed09a65551ee5154e48f5de5d22cf32359b7e75e6a3d3df6cc607b7647050fa64924a3540b0360e882d6c66ab3f9a0f4dc94d251e8a49537da35a9dfdd32b387bd160331985ea62928ba200f5b190aa2a7abb8494d9aa78738de6244c4febf56d22ab94389fd821b987b74beaa12d92797697649fdf27d935fb24b376bf643729b96eed90dc2e55787b7b3cd71d0a94b4f6e39f97e039de73669396b481e33b284c3af961167b565e347c3a328c06f471798ba35f9cf47c7edfbfb654d8b668eeeb136611311e070ad52881fc9ba1f9487ed8f72e961fa4cb5eac55dd1f0958307b7f8f71cf460b16f6662dd1488adeee1a273c22e57690d3ef20dd9bf29a2c02f1ccf741b0b03a82772a07b6cc9af4f0b741b1faa6d4f2c135013de1597394335fec6f6c19033f5a2059ccbbf871406c9a19b1d7f8db7260c2633b80d8b011bd7448f06d7d4c79881ec18a99bbea37cd8b85be630eaa80aa6822da5a67c5667ca8a62ba41a5871649dc81b67e90fe6a8f22061e97df8d83e9107d492624037938bdb4267c5144abdb698d8ccaa16cc07eac7c1c625b835fbfa2a14d232e3d187645180aa689436bd9ab62de0bab185d27466d26745dad39259b55b322f28796e6e93ac2a326369243266926eaf5dccdfa2e82c691057c255a2f53a9968b8361d838ac4ee133fdae6ca85deda279c60b856f2bfebb565a6db88a08fec130f2bd60d8e1037fd336da7a5c0e6937927dd0e269a1d2326af72602a46fa1ec5de3928b4a1b6799ffd48113ad0eb59ab9a2e9e15a971f0b74cb8804726c4d45e7565b6b3ea3796ed4a4a96a507f51bc9573a7db1edab7c8ba6a98374e6fd29c724c350d0cb4dfe908ff61bcf0be77de1b792f250afe15a13961e12765082e1f35d8e0afc679977d144b1f1cabf1b5b3f4e08c7a5221fae4afebd0bb6c1fd52b04439e8e2a966379c914c3c15f9cfaf5ffa751aaeaa82aa102b78c5c6051b6a7ba2de348714ca37cdd4da65d51ee7814466369a07d47a7d7cafb76a8eeddc94cfeca0146490c97cdd5603284df32cdd06e31288131f7232e92d5e3c5c84d4d2cdc623fa28550afa3c3bf103448a92f2dc6a7aa15a3bc9cd07257b506bb8102685b9dc57a7330aa44bfae545cf170aca6fea30c71ca2d8fa84177c56404cda92c8a300142c4abe583c82620850dfbd5402a42d8f4f9dfb8264554c283783782d2a8ea67a2f1ffbe44511d9ad952d2dc7230669d6a98991d617d5dd42e4a7f3231d70eb9693165a5672aa171802430532ab9547962334a2c7acf59b49207e1f8245d3448e63481e3247458d04fa30d02b998e79a6d2a1f02bb5a622d5a72ce86f79099e57290524e740f71bd1f3a483113d1e2df0289e67be3d2b7aae50f89dfcd4bf92c075f970d92f907cb8be9412eedb35ef667815b0506776cfbbb75df84b735025548de9aebdeadae41bff7ce2ff8412fe6498a7348bbcac0a6dad852091b1b2989c1c82b5938c0705124182c7645435dbac2858e679ba6f0a06cf2c14ff37bd2612ebdf2923e8b61a0861b50ca34d4a62f6527d254bae1eb97b92a31312aedc52957e31a040b7683aa37c88b7d9fa12dc476a54e114716f0f0a14157962c333a2e7cdb30a040b91f41d0d8455996654cc73f59941b1f1641fa2d74d594a9f319f6ddd434bc728bafc6856a8d33295cf838144dfb75cb7e920c82535a3f55bc6f3622c4b159a35bc638f104d3b6c538317c772d0a3e94ce73b43ae1aa6150dcf8ae98b60caae7e8b58c5f440461a342d8e51457de23c91150b444ed2edf21922474e1739418917f73465c396d3e077d047f437dd0c09aeb1d75bb1e123947b1b66e5927f68181daa5bab438d7e2bb6cf35e68ed2a0b7e4ef0d8a39a7bf21364cceebdfa058aaf905b102bdfe156b8ff9dcb5977faca2134214a2ccd2581efefccb8736ddfcf49da7ec9ad679b4a1f0a3f403b8798f674516021f383369d04e66db9a50ac4c5b46e704eb8631d682f7f390c0adc97cb78c53f5dd4826532013b3f58f6de1c09dccfca3d5c014ade152cb251e3cd3881f8f0289766725da999654efc09e8a81da5863cdf5129ad1a8417b4305f2ef88f8ef69a642dbaf8a79a75a175c3312605140e4c427f89cc27dc8a85dd3b62c6b46c36c69d2ade67f61b885c7e45f578f179fd1400704a7e9d7ded957da10ff3cfb5c57ea3b532ebb355f788f52a41296e150a098b1028cad1461555361209d11736c45cff76899adc4e2d98a10dfbf127a56bf193ae11972c5d234fb9e35698675019e0b11970aee9bea8f5b37dfa18ad10b889ed34dbe6cd9fdfcd65ea7c23e6983f54a7347fe1a7f5bec7e3a45b14fdad1498b300603bdb167f97135cf66abd2274c15de695797e78eaf362817acb98c589d168c93d5b7e69cfec7c80d7a7a978298de7b841a62f0411fbdcd56ff230dac304313d391d2f4570c70c947178a9cd162e2dc7ab07eed519be77ff8b95f3cac1f50f5e07f2dd5016dad0d89dacfc57b23fae68a659a0917797eee3e80384f9c2672aed62ace51395be58c599eb07f16fb33454ed55ae171ad7abda650292023f463ec57ab43ec315b2bfa573568f89ee5e83fcb3c5bcf9bb8b1f5cfa91865a17f836120eb35a39588de44523266288cd6bc550919a136eeef9b4e2fdbd4d2ac846246996239046bd05682e750262d5ab12a31eb0c8cc5aa62ac417d0e79495b2f820b1ae19cbe0765ade4b6cc91c258d1fa527942094806f1e2648473e3191433dee960bb563ab5528c6cdf7d487604f6b7eb6f540c2a84786d9d84713ff3ed68521ab7acfd4610a364f542ca48b3120fe5a564e88d648d2d9f48bebcea6f8167e5a5b08ce7ef2f72ad91e03501c97fff2aa5281d2ee91346e0fefcbe9e477477d4c0f3ad9017c1631baf7cdc745b2ab8d484a7db60984638a7f96cc4bf6e005d68c05c0a6f54eef08bc6c24d2dd7df78d5970f7847d543552d56f0a5d7fccb8edfc79f7c69774b6699a93d2caf17b95e3f420aae0556eaff6fef3c00a3aab23e7ea62499f40669a45143131143117115045d50b12d51acb816c48e0575d5c5a8bbe8e762c3b2a8aba2bb2a602f58d65d161b8aa03401e935bd67d2a6bdeffc5f1926214080b4c99c9f1eee7d775edecc6bf77fcfad43585831b72cc63c62451b789998441e0bdbc210c7aa1af060b11a494b6f5477fe3eacd4c22fa676c3f4d0378e10c743a9275f2b03b436262ed985f0cbaf7e35becbf8dea6c60f8b9585ca5ce538a4c7da2cec352addf83b502d86074e3d261e403dae3e946c759c4314b782b70a700854abb1a7ecfd8ee64218bc5678162d157478c1f0f87cbdc1a6f10a3e0f5895dd440dc8f984ae828b0b2f4a0ddfff7a273b6d167257d5a8199689ff5350b081e0c33b86e13934bce796101bc979096ab2388ec7d108d5383f7707a435097d0d698d3ef7f97bdffd1bedc3864261313fc3d83e1468c7e5f75a5587a6c7f08d43609087a1ef03efdaa6e0f8c857e3d859327e5753030891ff14b383d8d21ecb2820a7f3fd3196a4334c3d47fdda1ae78d9581b02a55737a0007ecb13e444351ebc559545150f1ff929ebd203636962f50dbd2e6457ccc6a714ec1f133cc556eed6420ac57eaf5ddbe18250fe3a2792f229b6f09a585ef8d17e386c0f0b76a49c8c7d412158c3f6b2b8f87052288ff53a7fe534bc29c6698ef6fd043b547e2a14a6107832f915a2d651c0bdfa57a7a08f56d58396756ade949e19a1ac756bd4a181f1f1ea51af28972a648c55c503c92766cecab7a80308e635b2d30b0e1faf85ea3968ab5e03ff0fd55f839556aebc85958c2cf5035794a2a48292a252a2a232ad4ad80b70bd91ad0d0de52f83dc1fb8767d678577ce3080f6578c754e363f8becfaae99f213cd4b1f0aeb404de55dddf38a66fe89b9fe17029d1448312b5ce560338cc8c238ae73c17cd50681f363a5b21af3856f07dc6b918bfa791f1e730fcc68355d53607efdee8ef8dfcdf28b018661cfb601cc78591717cfe8cc9a128f13561b7f5ecd9b35d3a27a000d8e64cee7b46f5ceb48aa48ae886e1ea0d4de59b8cb6564cc20d2068192841fab451788d13bc691c41b52396fac2856f0989e1ec0173c9b4d1317dccf7d88863528436c01c612347a845d3026f8998371afd069842963a1735e41f456d858d5f9c18bd64eb3d1e9bfa00ea21ae1b3abec0cb6c4d207ab5ec8d96f1f58307e9eb5d56b3a8a24d105ec6a15e04413814eafbc2cf995ae042c8dbbe85ab23a1819f55b54d98df03d40ca9217b3ff51ca22068b16ac7578df787e1bdc5d7a9719fd0887bd37df66bbaaf9186efdacb850278d987033550b19c8f19ef358ed3d4ab364280fc149d1f31e56504e77dddf86f61984c2391f3d918f63231690bf245d4104270d19e19caa6a6ebdbc86b0f067fbdb66eb3eeb136f75bd4dfa9c7511388b5895b02841feb121beb1dfb1ec7b807aaf13f58a00523419ad383dc5e44c7233fe4d329356dbe66ddb83f7dfbc17fdab46dd5a05d8475d9b265ca8cb3aeddb13c7ed33425d8144cb17c33cbf8c1fa4917315411a745698df4c6c3acbe4408f973182e2a0c5ed09e83b8fe4d41556266ccfe1b641cc388e33b8c388e87f949d1f8dfdaf08362890a250f3a3800eff971dcf87e9fdf61e1737497f1c372a4b078ab3d168d63356bfca19d85f5884af78701e782e3c190e9615b105a918375d63b6af0883af46716620a71550516c6ef070a83d528182284a1498243754a47ce83d40e5c78d6f58c1eef966f68c49b6e43b48b2a898a390f6b69672bf441896161c43538d8f71d10f23f087d0d7f0fd13204378af30b08631c9acbd8e2f83b10478826b7c34df4012f189d320d8c5dd5d0e777e2b740583147744b801ea4e855c1aa823338966afc0f8e679c1fa6cfdcd34cb31646a0dc9fa99daf53a1ebb69d36e3c90b67afd23f6d73f88eb50f73cebb6b4376414f6d85765cab1b53b56ed0c0b8f810371492d4eda6c69fa9c6f116c3fba39eddb7ba02862a18f5c5409ccdf85e94f2f4fbd89a98b8046942a913df8177c91beabfc7c7d0c1c9acf6c23cc21f82fd23b9748663e3f9c5791d500dc5e7ac56cd72e621087ec451358d1c0b86578c6608d4b438f9a5821594686674e252b75115ad574b175510d5b250e33d433ea3e635fcdbf12e56b050ede1bf43eff823698ac1a923bf504d3f56a3f7baa9f17e383ce2461ed334af31f23cc390f1210f51c59b37f11d87bbe67c6a071cb3e9360cfb3515be43815dbdbf4f0fd56360bb69bc99e3622ee05bd23481667a54c57cb7dd5df9b1bad14eb49bb0829d3b77ff2db85c295437e2d97bc3b27286801817cb10d8036e147f665c48febf45a04a04436e701c436860fcdcaba60a109b7a6c4e3f92631f01ea0c2ee858639c8ff16218dfddc8b41f00313e228c8e1855755ae9ba9a43bcc085e544bb0b8876e56bb6972fbf74f21184a3078263183c5e78b8b5fcbea1b9c3ce9e59018be71e7ee776f3fba686fafb873e0610d4232d24208f44de67e485de7c1169cd197f66e4314d4d3d8e6ec671bcc7338c33e2fc66bcc0a6a87935878dbe9b0d69bec7c6b6515bd712f0b5eadfe1181cf7fd6d46ba61d08ca68c8d251aadafb7eae2a2cd86ca173e6fc35996b8d017ac47bdb4abb0165cfcbf5d59ebe35e512f06f4f4b2446dba435c49e342796f4c3366dc38deeda0a0c4a5b63170a9059386a3eac610308430dfe3e1b770dce431373b3f6f6ba05563b119bfc3f87ef57c8df3d643a4f36f42a78d2302a56994a28d8e1dc56c25fc22a357254add4615ed91bed482201c19c67b06533d5f9ff7ef6830f9d47619a66ef3f11ae51d30fd33c30ef6378dfe4eff0c86fc10fbb6a4ed17fbaa7fe37b3cdef6fd4ee37bbb8569b352b5a826aec96f328ed95cbca9338495d4727b6a35954ce6ba88eff32ef8fa6d75a38d282f2f0f65716d7462ed2aac186bf8e9f0671f4ece8fd8a62684f203f367be0821fc338c1b6adcf4030c0f289b6f294ad52bfec7105234c2770f27cae0124bcf78a274f408e30b6df488c57734453f9cc564a6a052872e82ad0baab14c2156166f9c071b1e40a32aba89617c5e3de6de3cd23a690831ae8f20085d0b17179ad12910336e41f0d42ae603f30e2d0df94a93bcc5c8431bc5f9b88648f9ee0b339aca0e07efdae8988619f99c6f7e17ca4e4e1f7d762ab4cd46705e8db65ee4dd4db33aa4a95e3a8ec1bf03c7318e7580e97f63706102510a7f17135663ad1c16937523e7e94df76a554a4a4aeaa16dfaa64aebab480be8bd62f2e41d3d2adef10429416acfe0ab371255e3626b1744c528dd21307e3242f454db8e611bbc813a74dc1c34bc1b4b47c1ebc43361fc8d016e14763940387947fecccc8755b615935256a3a7b722f8ca14cc95cc2536df7341e709b564cb71886239bf3cea361b1e2841100403e45d6af68550b7d8682d6f433ae64c8683a17e8efdb4a837cf53e35ad41b6f94a6472a390fcce33cd6c8830f063a39c17931bc50ef717c43fe07a16fdcc804717cb44597f2f741c811471a3a542547eaf9b5b66be3d0380e535e47b4a648cb3fbb71fefadf6144495acd6cc2ae90d76664fffbea5c93bae2ee51036f14c2c998393ce0589c1ec4e9a88ff462fcbc7665e6c2b9a1cf642c5ce3ee15d2574dd8c217e7aefcfdc263dc4fdf108653324a2fea67fcf38d9b8fc0d79a8233351e4c55b8d4d4fd628b4913b617b37037ba3ead038e9fc4a535b5076283f6fdea43c5dfe5fdfdcdfd6841108416803c060267d5ab5bb18dd9a882789ba3debcaf691cf886b00a3b51610b962985339395ac7b9dfc874d8f031a85fc4fd3cf7ce32a1c699a7eb038c02222ebb46e3bf424cbc9c5896ad454e070dfb4715cf2bc8be670a67e7440503960cf8d5cbab0da38e42f6c4c73e9c6cf6b77667df3e8a827933f5de68c22ad78f17a19d1475c7281bef81a40a80aaa1e5785091f20ae87be1cee33e35800c28ae395b0b7d85ab31135071e3c114f4110da1355f0f46c1ea31ec2d81b84f0c2bb45f5ac57108d90f32874b24207c896807e2ca9f1baa7ccf81e4b8deba16fdc088ddfd5f4736f9c23461cf8ee638495ac67eb595887b187fbd620a2682b16c2f79cb4aff7dddf8d786d2eefd1a24c97c55177f55545f0b050ba380d71fe199a977a3061f5783ca166b399bdc3fda87fd811648fe9f553a223e6ef7cdada899f154d41f121ea4afe9a67ca864f20746add3fc78d7a75afc0b2350569f8dcd8d7683730cc7b0cddd09e50c4a28ae5aeda4a548188aa2008ed0df21db59d920d3566e59544a5ec8da273234608a856a4354361920cd4dcd51ca01d07a7a68168176afa3883464ba66afc9d46deeb9b071be9aaf9ece76bbefb36fb77baa9793c1b42f4d199dd53155510511df46b6efc656f7094773c101648b89f863c1ba28a6a5e78a67c11bc2db7ea017df66fb63a93ffe680f40e13d61c538efb82f503e79a4a9d5a37e8783eb74ba3f90799b425ced4078243e3e261bbb9cb8434c3d4fd39a27674427810e3ff55d0e1a79405b5d4ce6946a22008421707f99def18dd4a16560c13821d69ff0e0cdfdbc7428d36d24642c89f3535a3d3143e6f24a03efb784dffbc996341232cec500699ad649a9a44349c3d5650eba6d1db7bdf7c7aafd3cb74c1f4b279f3e6105d20cd1c7a87c8705cadeed5b654a1e42f54d3b1afeac9228d0ddfde1c1efd185e3a4c58c133398fed9e5439ec76cce3886dd788600a1a1641c126be58384d3468e3a2c29354f7d0415c1551186fc07c6f283e8371f4009086cf50c22ae0921b6638928e4282200432c81755e7a5b94cf330e04f3063d5de121659ce94d5bc9bcdc88f0df3e6d1c6e73ea68aabcf7e07ecab6da3523684c534c26aa348b6d0940832df98067f937722ea5111fde1f909d9dfab1b3efac6c267e9dbb7af4317cd1665f8fabe1054757f5d680f009fb3e1577ae95061057deafbbe15511bf233e28acd448ea9e1e4e6f350d70cf55edc66ec609ff3ffcd0a2a30fe0e33a3e473090b551e22aa822008c70eaa9af3595c3155a3913f6308d001428a34dd8c3c1cd9b0f7735ff3d957372b3ba2f88f258d6a2f67bd480be23891b59eeaa7949e74dff4ece9cd55d9a2aa970f7044a09dd5c2167430513d181d2eacb3fae53892efa8dc41764de0dc7dace43a2f9c2f342e22271837c437f4de0c186fc370c99a33f58671041e2aa61443d52fa620c34320d5bf822008ad07463aec2b222a416d6015e7b99cdf62a48521b4c88bbd21efef2ba06a9eef137a3fdb6f70b81aea1de476bac8dddf4aee53f4697159c0876d4e79f8c9710ffca625ec8745f1903ab775eb56046ab5310414628a383c51b3d9dcc0a113a27c24c27c442adc16f04958df7befbda447bbbd9bbb326bcf557c094c54c657f08e02a2ed7c43702a8600aa7136fc6adf5f6e9caeb12f4a4c08b14e23bc52b52d81cd98604204551004a17dc0dc02e8e18b59f06222b5382cd8180a6418fe31e23e06d4b8b6c102476151366a783c9e5c595ad366f78af0150becb79c3df1848965fc396418daa28e2fd585121eabeac9423c39c0a409104d550cb02f42639f63a5c33d5646898b8b2b185696f6b0b9daa30d9e8ae3eb70439c268007945c781b251e5431c0b0f627eaf5ab1ab4eadd3cf646f79570c88609b1317f27eaff21b610561155411084f603cd6d706eb0f807d6d535ac088626394e37667b52f37b36c3c385576b78b686a7cbf978c30536afa8529d9bc6ef1a78078b6aa921aabee869de9ec0ba98a2f7af17086a6b892ae80cc2ea39edb4d3dcf3cf7f6ce7c4b503eff5aed17a22bbf86771e9069bb82cc685856182794cef55ccc28909ae61e8cd66e7b45add4355bd5318ef8fcb28088220743c706e9037c3e1c1e20510d8bd9c8763c1028ca1c5e221764e37f27b35ef674358e72425d143aec9da3aabc8dffbedebfe52bf6f23bf6761d4c5c38be1ef028826da4bbdd5bcbac0b609be5fdce1cc5e393fec1fe19f2edc1b5f7eb69a50c457f38abd2c9a5cb828c534867cdd70538e74827a411004c1bfc0529b584213cb61da8239efe7fcbfba9268e140eff09a30bb75f78d79bf3fe9f13177e7a9093eb08862488dda3eaaa5b41f9dc163f5f2e089d7d59db362c82c2a40dd2e93c0aefe8d7c51cbd81b456723b4998aa80a8220747d90d7638c6d193b55f9855af5f1c5dd8886e9de6a8d9b4edc907c4b73a20a58508de135ed4ea712565c8417ae7c64e319a6117fb4b8f4faee33e28826f1c514044110fc1ecee75533e22d02f2d8d346747b3a190b98f7ac4b587873e6799fa91b9d8c4e25ac068336042d366d6f58af6e60baaa477a11f5f059f946100441f01b20a058ef1aa6288a6ac0080f4bb8459b641f2bd830e6bd0ec7c91b7bdf923338a75127a4ce42a714d6272f7ab2eef988db2f8cae0861df9fc1c5fc6b6f225ba7fcb9822008423318de2904d4e3f1a876545c9a48941da546831ce686899ee197fdf3c2b9456a4227a4d32ad575432fda69cd773d6872a1c59a41953016b1ed54ddad044110040343480d7cbdd3a3062bd7dcdf93c8cac7e54305ef74fd3bbb3afe7dfdd34e4967760195773cb3ff316857f252750bf5eaf765120dd61bae054110840ec310515f316d1521f5052bd63cd4cb5b5b99501ab1f34f9669d7e48ecdc5009c4e4ba7f7ffa23f19d3aba68fb2dc1567667795595a4e74e506a2faa3ac52100441108e1a8868ab8ae7c1c0c4faf76610dd9aa66e9a1c1e57f42af73515e7feb0404de8c474fa46cb8ab3bed971c5d6d1779a9c7a95f0a9b14433f7f70c13044110da0ec31b3568175105a7c6105ddb438d625d96d377f47fe1c586dbffa9267472fc469d12be1bb7a0a8b7f30ab52850e5229ab691e85b6d0644411004e1d8682aa0a0dd44b429f141441f0e21ea17a66e86142b9b066f8b3965d5e44fb40ead9d9c4eefb11adc5395734f6c65e8167523ca4af45c3f1982230882708c186da446fba8af75086116a2a7397fd745d55663a97da4f0b269fe22aac06f84f5f689d7e7f7da1473159562e67d269945f5e15e44c17e730a421be25bda3e585c10040ddff7a24345b4392e4e241a1babc51d1e8adc6a7ae4ae71d7afd012fc03bf52a59593172e1fe6e879bf4951a7e6279a184f942343708483575975aa0c4310da19086853039df6bd181e45f440265190f63b33cbe397acca5af01447fdea45f62b61e587c233dd79dae3c9eb8297ab97191d981ee8497452b4b683200882e0c5f0467dadd392184cf47f7db4599698887c735ec6c6d8abd3d3d3ebd4043fc2efea51a7674f779e1831e0f2903acb6e3521d64af4686fa2386daa2b411004c1cfc0385588eaa0706ddba9d08975bd6f5c96b3a0404bf02ffcb281f2e351cfeeb8e387f1d785549bead584fe7c339ee84b14ea97a723b4329dba542e08c2814c4b269a10a746cd4e729fb1b1ffc3cb46bdf2819ae087f8ad12fdf5e2fbbf88d86dfa33976cb45c14531e5e93c267240dae8186d16e2408829f8157171d95eecdf44e5968dde9f83eb8d6fca8b6837fe2d72edec721739eed5b91f8b1ba819b725706d1a478e9cc146088872a087e4aaf50a2c7fa786b1bbb57876f7c2bf1a13f7c32f9c55a35c14ff16b611d3d7a745dc69ae819d17b2d5bd504d4d3cfe94dd4876f96e0d788172a085d9c182bd10bfd89326deaa6a552a9cb5a1173fb857dceecb4abd6b414bf1656f0d525afe46595f4b89c2a5dda101cf42c7b368b8b3e1c0a1d8ed1c55f845210042f18d1714f26d1f1faa22a0d1eca2c8abdeddb4bdefe5c4bf06ffc5e58c18a33fef5c3f9f693aeb0baf4ce4c43238966f7d41649173a94a3ede62fd5bb82d04581a85e95ac7558d2cbdb032b535f9e133de7356dcbffe932ca33a42272e1c0e5b16f908b3364dcac29095c22cad0da5e8536c56c368b472a0404f29cb702e36289fec4de2ad487b3ebf45fc37e9af25dff5b73060f76683bf83f5dea29f9fd929b439675ffe5fdba74d344f5cc6add44b3b6122df2fb2afb4e43d38c453c4b41105a0c6a13df18a835d9319662575ee69ec853b7fdfe4bad9f4c17a14bd5957e3e695ec3db210f5e15531dba514dc064ce73fa109da6cf3b291c33be55bb22aa422023deeb11926e237aaaaf57546d75d6b25cd795e7743551055dae11f2dc21e30bcfda30f0b2e8aa907c352192c51537334deb79261c1ea9da1584c3e35bb0f47d5fe4dd698608ce87d1a974a036b392c56d728e5fd7ef4ff70d99fe8b9ad0c5e892bd7bfe35f9a99ffb7f177113953ab5849410a297fb7b4b4ac281203330cce3f188372a0842eb0095b92f93684494b65defa1f415b6a73e397bfe7cce6fba6446d3258515fc78e507efa555c65f6972289abaa26eff2516578c9d120e40aa7705a1759077c8072cebf9e79e5a2f60a88d47a1c802cb5b57f43ee97e6d87ae89b68c4017e5bfd7bfb56143c34edbeef0d231ea4d4db511f560fbb28cc81d380fbfaf372a0882d06e5c9d42745b1a511067c09ce5f6aae8fec5fce007ae9831e84abf5bb1e648e8b21e2bc8cece769ebf69c04383f725bf6962674c4dbca03bd19de90131c6d51053f1460541685790bd9ecb79adcf7c0249e591eba6ae193de3bc0163aad5842e4c97f658c197ef7ce93a7bc4c87fd7b83d63cabad5a7136b0d0d8b24aa7413adb6aba528411004a19540c5d8c868a217b2bc6babc61405efc95e9334f1d58bffb65d4de8e274796105bf7cf48ba3db99e95f96bb6b2e50e2adb1eacc1f27f38d2f7210adaff15b7195aa5d41103a1d27b0e3f28f0144ddf535b2f31b28636dd8f93f5efadecf5a42d7a7ebd787eafc76c957790fc75d313ca8c0bd4b1552544fe4f6229a14a795b0fc10a9da1504a153911546f42a8b6ab23602c36c77db07d4a78dffedb22f97aa090142c0082bf8d3c09b4b2fb74e38db6257b43a7e8cad7ab21fd1786d815d41688454080842cbe91142f4128b2a8637827a0f9d59933d6dc38877024a544140092b786560eefa9bede79c65abb714aa09d156a227fa1265eb63ac04c1402a0404a16524b398bec6a2da9f3d56c6ec24e7ef2a07de36e29dd8f74d2693b6f2580011106dac4d59fec2bff7d4ae2c5cf353ccf6c96eab62533d574c0cbd8a1dd9bc067d2f4160e0b506aae76a9c77205f03e1f0740bd226e039919d137e4e2c2e93e3fc9dc3ef1b59dd6d5eee55b96e7daf8022e03c56c0252865cef87bfe7df6c6e3ae0b715aed6a224a5c9840c2981d441000bcd640f55c8df30ee46b201c9a84601655f65447457b0b5f63b6f69997b232635eeed85c9796127804a4c76ab0f18d151bce1939a17c6772c5a92eab279822ad44a7c4107d5fa5f518160441109a07bd7effcecec818ce33198b9b5cc3d7a7be3ce17fbd6efbbf7bee09585105012dace0a241e7fcecf2b8caf7a5548df798c9aab6b962359c1f445c0541109a259645f5f92ca253b595c34c1ef20cfb25f98d8c8a949b5fb8e9517d92f6c0455a4e74867d70c15deb87953ce4b029da32385b6b89aeff8d68ad56532c08822030f0549f61513d5d17558594de1ba216f759ebbee2f35b3f974e2a4cc07bac06f959393f1c6faf7297a4d49fe209e2eb12c70fcf587e707eaa262a10cf55100481e2395f7ca1bf56abc76e99d945ee3eaba23e0afe3eec92e5f77c2419a58e78ac4de8f7c1c4dbb765db1f730793b60c0e7a095fbf49ab1a1604410854e0a9629ceae8683d81a8d7ca880f6ddb6b2fdb70d332a9daf3413cd62694bebd75f9b051d94a5942c349ee202548edd0f43b2e9dad6261cd93029920080108267f307aff3266377baaeba2df1956157ed1b2ab9648f56f130272b8cde1e8459639a37e4c9d15ecb4684b1be1a17a6da056352c3ebe200881449a9effe9431121aac37e4e7c237ead6ddae29cc501394eb5298aa234520691894370ca47974e5f71c2beb90d21ee7035a1dc4574cf56a20f8a655c9f20085d9f019cf5bdd85f9b0358e7c40d292f0dde61bb65c1550beaf5a480461755b3c964f2163244580f8542a6abdf9d35f5ad112b9fa9b539e3d5343b5fbb59bab8ba445d0541e882401986466a13eaeb73ff5a5da686537febf76c5c71e5dde2a91e1a11d6c363ba7ae97d67bedefb9bc54e9b12a1a6d47a88feba93e81f79446e11574110ba105005aca70a4f35495ba5c6e4543c17ee1e3eeb94f2cc676f9d74abb4a91e0611d61672d30f0f8f7b29e1ab371a223c296a02bcd5b9bb899edf4b541770734c0b82d05539ab1bd1537db5054a1853bde23ca562c09dcb8e7bf1d94099505f511454ed1ef5b98ab0b610d4a3cf5df75ad63d412f7fe58a33f750af1cbcd5c545440f6c27aa0ce819bc0441f077823953bb3299e8cf3db5f5aa1973b5a7e69c9a91977d70dcdc8f0245545b0311d62364f28a5bb33e717cb7ccd32f34514f22fa4fb936d655c45510047fc4c252f0e74ca23fa678451563f88fab4b9bb476d43b5f88a81e1922ac47c1984f2e89fd357adf6715fd3c2314937e0d31cef5e6cd445bb5113a8220087e418c95e841f652a7267915212adfba2766335dbc7bcad2efb514ffe458ab748f1611d6a3e4c4f953a2cd0382feb1b2df9ef3143359d4e13798a5e95af65c21b2d2a7491084ce4e6a08d1fcfe9ca14562c0889a6fa59444ad1db03afafcff5cfae6767d2fbf054d784cbbe7c63241c451b26afae2ca4905a3a78d2cedfb3839b84084220a2692787d20d11f12a4c8220842e7e60416d3d707110d8fd244d5a350cfaaee9fcd587fe6795d41544147882a90ecff184155c3d05553af5e13bdeb398ab606a9890ebe974fef219ac7562f4d1382207422d09e7a461cd1dcbe44ddb42c0bf954747ed03f5f0abf6146cee01c99f7f71811616d0520ae299f9c7a6e556ff3829a6e6e2e06324e16574c2271f7566d52094110848e069ee9352944f76410456853c55b1ce44efc39f8b1a77a4dcf65519509d15b0111d656e4aa05b78ff9f8948df34bc2ed03d52b8b4a886f2ab46910a5539320081d093a29cd624145cf5fbd11d0566f2d9db86ae03def9fffdccb5a8ad01ab49ab0b2d76631f9cc9518a83cf2fd0b3de684bef5764d82670c05e997775f83d6637879a5ccd4240842fb826c283394e8ef5944c7a393126f7b382871153ee0be64d283436efaa5a3da22bb2ae2b1b601afaf7e3dfcae8257e7161fefbad663d1cb86d55ce678123335ed533b09088220b40bbf8f277ab81751864d4f204add10fa5d9233e28a9513deeb129d943a1b22ac6d8542a69ca53367bcd77be55f5ca114a3a711bd5b44f4d00ea20269ca1004a10d09e532fd552944f76678277d303578dc434b33ff3e262fee8e7993e6c99cbf6d84086b1b824e4d176c9c35f403fbffbe56326ce1ead54627e19d754437fc46f44bb526b6822008ad4962b0d6eb775c2c9155cbe6cd956e47bfb2e4ebde09cf7d6bf0e0c152b26f434458db81d3ff7549af3dc737ccdb1c5f3849edea0e4a9d440fef245a5ca8f520160441385690bd9c144d34a7b7b6962ae0ec25c11eb9beff3791b3be9eb6f0332d51684b4458db89b9df2f0c9deb796576716addadce30456bec80a0be5344f41716d82229400a82700c845bb449f4ef4ad7e20c86d204ed722f7daefbad975cddefa262355168734458db114caf35f2c3a917fe3aa4e8f99a0867773d99687d0dd11d5bb4aa6141108423252188e8897e44a7c76a1340002eb89fb6b1cf83c7394e78749eaca1daae88b07600dfacfc26fd0cbae7edfa1ee6518a45bf0798a1099eeb827c99ad4910849601118598feb53751fafe5ebf6105a6dd67d7655fb768e4135fe849423b22c2da410c79fdb2f0f45e91777f9abef62ec566d6de082c9efe6d85365bd3ce7ae9d82408c2c1c142e433d3b49ebfe8010c1c1ecfc0e2940fc257d38d3f5db5b8404b14da1b11d60e64d1a24596dbe25e9ae48a373f57d4a396df109d3d2caa7fdbad2da20eb1150441f0654494b6d45b36873a61766b75c80ed7433ff77afdd99e3d7b7226227414a6fcfcfcf0e4e4e41a7d5be8001ef9ec89e4b93d3e9d5f19d5709627cca4153d31431384f5ff7611ed95e61141109828f652a7e91d948cb1a92e52ac15b4f16f05575c71ebd86b7f6677494ae31d8c78ac9d84a7373f1df2e1ce55972febb7e319771885aa89783d7673c1f3be6d445f95cb8c4d8210a820a7eec3d9c2d3fd8886467ac7a6a2ea77fcb6fe4f29a58ebffee782374ab544a1a31161ed649cff9f9b8eff3e72f37385e9b527ab2b5180060fd19b8544cfedd584561084c001abd04c4d22ba83bdd438f6580197b1134ac3b659b635ccce3b7be99b32d76fe74284b513f287853343b7a7e7dff06b62fe030d119e683d9928bf81e85ef65effcbdeabf41c1684ae0d0ad6432288e6f6211a18ee1d4613e4b0d487ee5296dce83ee3fa39bfbb4fc6a6764244583b2918f33ae9dd6b462fefbd636e458a73a4f74ec17bfda28ce8c1edd2f62a085d1578a933d943bd3491bd547d3172c6bacf553eb6f2b8e95f9e3aff5df652a574dd491161ede44c59b4c89217f5d1433ff4d971933bcabcbf0b6089531bf7fa710951954b4f1404c1afc15293a3a3b9e0dc4bf3528d1cdaeea6de55dddf3a7d73ff192fe63c56a9a70a9d1411563f0093f9a77d7166afb0b8b05736f728c13aafda7d43cfe1d576a2bbb6106dac95b55e05c15fc11b9d1442f4080beaf8b8fde3523d0a455587ecccdc1635e3fed4a9ffcd199c23739ffa0122ac7ec4f7bbbf0ffdfdda3beef064d96eb247bb12f564f658dd446f1610bdb097285fde3b41f02bc22c441727105d9f4a94b97ff6244bade24cdc1dfaeaa351d73f70c5d00b8bf464c10f1061f5371432cddbb720eef18d6fbfbe37ab7abcc7660ad6d3b5355e1fde41f445a9b6b0ba20089d9760ce7e874711e5b2973a385cebac041c0a75af8c58717ae9e06bb34e095f9f6bca95b6543f4384d54f59b47e51f0acd2574eab8f35cd2f48b267eac9da4c4dabaa89666f27fa5926f517844e09d64b45b5efe9715a47259d10bbb9267347ccbd0f7b2e7d3d67428eb4a5fa2922ac7ecee6cd9ba34eda7acddcea2cfa83235289d19389eab890fbcf02a257f388b6d5691ead20081d4b7c10d105dd896e4b27eabebfb7afa9c6ede95e14f1e9bd9ea9b7cc3ce9aa9d7ab2e0a788b0760166cf9e6dfef8ecad890e47c30b1bd30a27ba6da4550f830a17d1fc7ddaaa39e8492c0842fb03af149d9266f7244ae6d753aff6353bc813536d5b33685ff2f5e3cace5e9d9b239d93ba0222ac5d88952b57065dba7bf679857deafe5c91e81cecbdbb68a1d95a4bf40a8bebbfd88bc558584110da0708ea8da94423a3f64f45c8580b5cd503ca7a3cf0b798fb5f3e73e85099afbd0b21c2da155934c572464cf49dcb33765c5f1dedc824bde7be5a1dbc81df5f4cecbfac82a8563a3809429b80f1a8c74712ddc2823a8185d5587c9cdfc1707b50795c91eddd517b52ef5c9cf36295962a74254458bb307f786d7a8f2d19e537acef5330d31dac847aef363cd6752cb07fd941f423bfd7b2349d20b40ea8e24d0b21ba3f93681c0b6ae4fe8e492697e2ca5813bef4c4e00133df19f7e40699dfb7eb22c21a004cfffceee39724ad9fb527ac6c2ac5f8d445a1461843735ec923fabe92c829efb9201c1578ab3053d2654944172536eae98b826c6a6dfc7fc337389fdf74de92f74450bb3e22ac01c2eca54bad5bdd9ff47b3ffcc7bfbb522dc31c211ece0574e0c16288cea3bb88d672582b6db082d022504ec5726e68433dbb1b51f87e41353b1597a5d8bd6d46c119772a9eb27fcf9b344f26f70e104458038cd94b675bdf0bda7492cbea9ab331bdf064dfce14ea101d8c7d9db7876869b9b4fc08c2a1e81b46747b1ad1d8d84613e583f802db9e88faa0dba6fd76e657b997df8a7654218010610d5016298b2c8b17fc2fe7f3511b67d4843b477b424cfb8bda705897b1b0be9a4ff45d85cce2240806982d099d92a62612e5b061dbc0ad506c65d8c6419bba2d7c65e0838ff6ebd74f3cd400458435c099b97066e8ea9ef6137eb5ee7aa62ca97eb0cbaa84e81f1139586177d6b307bb97e8334c93e8122f56084c309fef091144b332b435527dab7c5de4b65699f24ed9d7effed8ed919fbc73ed9365fa47428022c22aa8288a62fddd92cbcfcd4fb4cfd89a587c3a851863741888e9a61aa2f78ad9d52dd2165c178440209405747237a28b12884644b187eaf35eb0879a5a10bdd9ea34cf9d5932feed5b274995afa021c22a34026db08555ceec5753973dea8933673bc3697f2727086c3d56d229d4269ad85227934d085d0f6867ba8d68120beaf4146d5e5f63827cc654ebf1d86a2d6ba76c1cf1647468c342e99424344584556896f9f3e707dddfe3cd414931ddef5d9791ff07f6607d8aea4ca58b688d9de8b9bd44df54c85858c1ff416ed8278ce88e746db1f1a4fd3383aa28a444aff76c8933c7dc787de5f93fde7dde35b2ca85d02c22acc26179ea8b9707cf895d74534384e7dc8ab88624ef4c4e007aba8e0576217bb15f9513ed9409ff053fa35b10d1a9b1dae4f8e338346649d2b155996bc23db68fc7aeebfbcf772e7c760927c9132e1c121156a14560a2ffe527ed8d4970465ff476e6f23b3d51e60c4fa8b9714f623b7bb1df566a0bae6faa25aa92ce4e4227059d913043d2a54944172610c5591b09aac9a128c14eebbe519bd23fb2f4087ae894d2d4d2dcb1b9fc400bc2e11161158e98454b1745dc50f3eca46eb1f1576e4a2d9a48a13e0d5000bd893127f1d20aa2b70ab49ec582d01988610185904e8a273a3e82288ab77d712994b13df25793c5fcf41dd5e77f7af319d7e4e99f08428b1161158e1e45313dfce5bcccc7e8ad872d7dc2475685d6f756aca6fdcf14bc5588ecd710d8426df2898206cdbb1584f62296c573308b286646bab03b51246ffbe67cfc3c865706153b4a6b7ebe336ff2635b3dabbf5e9cb358066f0b478d08abd01a98ce7ffdfaeee5435c27ac2edff264f50025c34d4a58a3b658746e2a76685327626ee25fecda4c4f1ea92b165a19e46a182e869ebdd392b5d565d0b3d7e6f340f26367719b1ccade86ea33eb4e985db1a7e89399975ebc37c79423822a1c3322ac42ab33e3dd0786bfd9f7bbc966275d56de03cbd63579cce0b16ea925fa5f39d15765442b586ceb243f138e113c67c785139dce427a5a2c517664a3f54f55585043f6baed3161d16f0c5dd5ed8bab879ef359ce60595c5c685d4458853641511453daa229b6f3124fc85e605af2674f4f5bff5a73430f25d8a7aa1860451d0cddf9b098e87d36b4c796703e27d5c5c2e1c093146d25ea114274068b29a6184ce5382671f07dcadc0a85d60795392a6a775eb473f4f33bbb572e9a70725a4dae29579e32a14d106115da856b16ded17349d6af83a34a83efdad4b7f49446d57206688fddd340b4d6ae892c3cda7ac9fb8426a0f72e3a1ea11312c69b66da1a4d31e88505356563c8cea4f8a4bfc4fce25e71d1e0b11ba7674f77ea9f0a429b21c22ab43baf2e7d35e9c192376eafce0e1a66afaf39d91167b235fb24c29345553104160bb36fadd3c457082c5006437be98070a2536288ce64ef348db79bc152ed7177a3985f1ab655aec9755cf2c22d67cdf859d63f15da1b1156a1c3787ac99290c7ddcf759b147dc2d8c5ee6577d5f4b3a4bac81de3096ad4ed49ebe054c3825acacec67f58683f2ed1da68b1ea8e78b45d8f20ce96b050784a08d1c478cd20a4486bda66ea569460b7d56e2a77159c9d37f4ad0dddf25ec9d9765c696e4e2e97c46414b5d03188b00a9d02b4c93ef8e1df063c95f8c9889ee1a9676e70ef38cfd1c3d2bc5b022dc5b01d4c42f14b35d1f24aadb7718d7480f25b20a683d8231d15ad4d769f1546d433f4402135287352ff8a1e5f1744942f9ab0a6ff9a2941a72dcfc9911ebd42e7408455e874cc56669b172fde60bd30eac4531f752d9a1936243ea5bea121ab214a39b0ca183e093c5a78ae10572cd0beb28a85d74154c486213d42e7026289690493d8231dcc62fabb18a2316c186f8a9ebdcde44a961ac51d650adf515950beeb8add63dece48cf58b461f7b73532de54e88c88b00a9d1dd393efbf1a3dd7fa66ea8959c70f59bb65dded3b07550f32d92c411e13599a7d82b1e24eb94bf56ad48e505824e05b365425231b86104b2561fb00a144bf224c2138923d51b4918e60afb43b0b2b84b4b94e477c6f4c1ee2ff1467d43aa5785cc2c8a7bfa8fde1ab1bf226143c3ee5c1426933153a3b22ac82dff1c5ea2fc217acfd78d2c27e2b4e4eebd66350a1bd78545d9229a249cb6c63dc9c17efaed73a41fdcab6bd8e68071bd22a640ad85623946f023a1a658612f5d43b1c0d6443d56e733dc10df8f6988b9dee3453e22f8541953f0c5919bfe98184691f9c33fe9c7dfa1e82e03788b00a7ecdd34b9e0e79d0feb16d6adff1a9dbb7fef6c7cfd3d74f084f8d8a71381c094e9b12d274a5122f98090a63689decddee6bd0a65b84770bd12d66cf16edb57636ac3f2bb5c9fbc1e5c4ac46f034611847da9f45734804d10991447d391ec23b05f13ea8f26deef243446b15b7cd6a2ba9abad2d1eb436fed773d3c6be38af62d1eaab2b4faa7b22e7897af14a057fe620b98e20f827e804f5fc17afa6ce2d7eb35fd5086bf74155a91356d7fc766e655f255eed207338909d63980faa8d4bd8509d8c492bb6d66ac37d6098c02250b27df4c4c51aa57dd80385f562eb1e4c141fa4b593a23af76085175f3c0a056d733a86297dbfac4a77bdbf77c58e82ebdd676d1b6eeabf553a1d095d0d1156a1ab638208bef1e392c80dfb7e396381ebcb0945c33d09f196a874bbdddea726d21575c82a4a035f2185f0c2cbddc382bb9743d83e8e57b23ec0d335ac560fd181aa330831de76cc4aa47a9b1ca2ddd3f03c23d99243b4598c307b11aa73114ff059ecbb25b9858b05b44269880d89d95e1d52bf835657575c5039eabba9fdcffdf4ec8fbede43b9b9b81281522c110214115621e08057fbcc67cf44be58f969f496ac7adb559609d91b776e9efc43c46fa39dfd436c56b3c5a6783c361779820f5a9dd91448855abdcc22eaad6666431c935a408ccbf40e55e858058fb89a43543743806b791f6c23c4dff88ecfc53e861641048d592183398450a2ea15d5b3f02e5591642f12cba1618dd138f62a61f02c6339b4f1be3827a3aa165e3ccccadbfc7f8be0df67f1985c66b3a5de6d76d72b3beb5c03f392d78f4e1af6e10f095b96ed5eb5d5fe479a583939e1b4aab163c7f249094260c16f942008069b376f0ef9eab7affbbe5dfad5c0afbb6f4ab30d8db3f66d48e9d7506c1fbadb5538a03ec914aa7a7781428387cc790e4f86276173745cecdabdd1651b4ab614d8076e4f2eb930ecb44de7f61cbb293b3bbb52df5b1004468455100ec3a2458b2c8b69b165714d9199b21a4c2f24df9d58b665cfb05525eb867e67da745c618f9a6ee63e11e63073487890d31ce971ba231c6e67789dc919c6dea4e98049e13b1278d12c96212e4b7d8839a4c61264b1bb83147b9dc559eddc6b7745eca0da51f559eb47c61cb7ba6f7aaf35d362e66ea1e544534c69ee2934c53d65ca148f742c12844323c22a08ad80a228e6cf7efc2c625bc1b68815953b22d6d086f0b59179e1e8ec634b08338f340d4aec5e1d9e62aa74a7d9abed292575e56976a526a6926a632a2db53135d68608d51346bb27aa64111aa8d5bf7a1c6db686aca1bad8a836b6bb29c86176c4b9c3caa294888a70536855b7e0987dd11191fb2c51a17baaa2eaf37eb2fdb6afb4b0d449bbeba8577142fd10caa839317880fd84d4fef6b3c69c55cd8229d5b68270cc10fd3f55a8cc6b6532fce80000000049454e44ae426082 WHERE id = 5;